event_id,trade_id,version,counterparty_id,instrument_id,trade_date,maturity_date,quantity,price,currency,side,source_system,event_ts
1c1d4833-eefc-42f2-a837-4d51252c12a1,TRD-08A2FDFDD323,1,CP_FUND_A,GBPUSD,2026-08-12,2026-08-08,6955,363.3156,EUR,BUY,MOCK_TRADING_ENGINE,2026-08-12T10:49:11+00:00
af04e432-52b7-44ad-8f36-274651d35481,TRD-310856AB15AD,1,CP_BANK_B,AAPL,2026-08-12,2027-04-24,3636,713.7951,EUR,BUY,MOCK_TRADING_ENGINE,2026-08-12T10:49:11.001000+00:00
661d10f6-08ff-4150-8d45-d985dbf50cb4,TRD-642599D38C05,1,CP_BANK_A,MSFT,2026-08-12,2026-10-13,4535,1166.373,JPY,BUY,MOCK_TRADING_ENGINE,2026-08-12T10:49:11.002000+00:00
23bf2ef6-0d8c-4f50-a55f-73e7bca9bbb3,TRD-04AEC99E35A5,1,CP_BANK_B,MSFT,2026-08-12,2026-07-26,15,2208.5373,EUR,BUY,MOCK_TRADING_ENGINE,2026-08-12T10:49:11.003000+00:00
7b1a7a6e-316f-4d3e-8048-47dacbb2a9fe,TRD-6FE465A99E8A,1,CP_BANK_A,USDJPY,2026-08-12,2026-08-27,9133,1802.5164,GBP,BUY,MOCK_TRADING_ENGINE,2026-08-12T10:49:11.004000+00:00
c8ceec1d-6be5-49a8-97cb-6284620b9d53,TRD-CE743BBEBDD7,1,CP_CORP_A,GBPUSD,2026-08-12,2027-02-13,7222,1554.4859,EUR,SELL,MOCK_TRADING_ENGINE,2026-08-12T10:49:11.005000+00:00
28f3fd8a-029b-433a-aa9b-5c6ef2dbcbd3,TRD-12DE8AFEEEFD,1,CP_BANK_A,US10Y,2026-08-12,2026-09-02,6024,384.4494,JPY,BUY,MOCK_TRADING_ENGINE,2026-08-12T10:49:11.006000+00:00
4bfa1bab-414f-4714-9bde-4023060e8c62,TRD-058147AE6E45,1,CP_FUND_A,GBPUSD,2026-08-12,2026-08-10,6161,828.3806,JPY,BUY,MOCK_TRADING_ENGINE,2026-08-12T10:49:11.007000+00:00
06ed2d73-1505-46dd-bbb1-c7c9584fc783,TRD-B9CDB3BFBDFE,1,CP_FUND_A,US10Y,2026-08-12,2026-09-07,7208,389.8997,EUR,SELL,MOCK_TRADING_ENGINE,2026-08-12T10:49:11.008000+00:00
5f911a59-c43d-48c0-872e-ca30d5cb44a0,TRD-08CE297BC9A0,1,CP_FUND_A,US10Y,2026-08-12,2026-08-05,786,1634.828,USD,SELL,MOCK_TRADING_ENGINE,2026-08-12T10:49:11.009000+00:00
1f525a39-ba64-4781-b1bc-68116f60bb11,TRD-ED44A170E396,1,CP_BANK_B,AAPL,2026-08-12,2027-03-30,2919,1830.5096,GBP,SELL,MOCK_TRADING_ENGINE,2026-08-12T10:49:11.010000+00:00
5605c470-e2fe-4cda-ae5f-e8ffd4c0f927,TRD-5B81ADBC974B,1,CP_BANK_A,EURUSD,2026-08-12,2027-06-28,2858,2116.1157,JPY,BUY,MOCK_TRADING_ENGINE,2026-08-12T10:49:11.011000+00:00
012226bb-54a9-4642-906a-14bfb13063d2,TRD-C024D7F73ADD,1,CP_FUND_A,MSFT,2026-08-12,2027-05-05,5628,132.9002,JPY,SELL,MOCK_TRADING_ENGINE,2026-08-12T10:49:11.012000+00:00
373a9307-0c84-4029-967d-a3b83c460fcf,TRD-16342BCCAA65,1,CP_BANK_B,USDJPY,2026-08-12,2026-11-25,30,1816.8496,USD,SELL,MOCK_TRADING_ENGINE,2026-08-12T10:49:11.013000+00:00
f7c32863-ac57-44f6-bc30-687571c06416,TRD-52F1367A55DD,1,CP_CORP_A,USDJPY,2026-08-12,2027-03-17,7713,2170.7571,USD,SELL,MOCK_TRADING_ENGINE,2026-08-12T10:49:11.014000+00:00
09cf2923-b4e8-4aa7-a740-a34a9b831bc8,TRD-2DBF5436A076,1,CP_CORP_A,EURUSD,2026-08-12,2026-12-29,2663,706.2954,JPY,SELL,MOCK_TRADING_ENGINE,2026-08-12T10:49:11.015000+00:00
47259fbd-2ad4-4269-be71-9145e6ffc0c5,TRD-1E395CB72B54,1,CP_CORP_A,AAPL,2026-08-12,2027-04-05,3482,368.3459,USD,SELL,MOCK_TRADING_ENGINE,2026-08-12T10:49:11.016000+00:00
db5415f9-1bb4-4072-b037-f1a61336f0c8,TRD-9E7B33B95B14,1,CP_BANK_B,USDJPY,2026-08-12,2027-06-23,4682,347.2516,EUR,SELL,MOCK_TRADING_ENGINE,2026-08-12T10:49:11.017000+00:00
30342d72-2c6d-4ef6-96f0-78e02962bb1d,TRD-320767DDFD0B,1,CP_CORP_A,USDJPY,2026-08-12,2027-03-23,5709,1935.6879,USD,BUY,MOCK_TRADING_ENGINE,2026-08-12T10:49:11.018000+00:00
ee4a3742-058d-47b8-acae-38e4ffa6aa03,TRD-EFE63988B825,1,CP_CORP_A,GBPUSD,2026-08-12,2026-12-05,951,1010.2569,USD,SELL,MOCK_TRADING_ENGINE,2026-08-12T10:49:11.019000+00:00
66cd509d-cfd1-4322-848d-15f9c6f67015,TRD-882386AB24ED,1,CP_CORP_A,USDJPY,2026-08-12,2027-01-21,3276,790.8226,JPY,SELL,MOCK_TRADING_ENGINE,2026-08-12T10:49:11.020000+00:00
73ca9963-a618-495e-aabd-75fc32976a10,TRD-3C1E5C8822A2,1,CP_BANK_A,EURUSD,2026-08-12,2026-11-27,9511,2127.0514,EUR,BUY,MOCK_TRADING_ENGINE,2026-08-12T10:49:11.021000+00:00
c7ce03bd-c0fa-4171-8feb-b3fb57c25744,TRD-48A17E2D5891,1,CP_FUND_A,MSFT,2026-08-12,2027-01-09,6284,1202.9129,GBP,BUY,MOCK_TRADING_ENGINE,2026-08-12T10:49:11.022000+00:00
a5f5de37-82c7-4774-bd37-fb1ce624d878,TRD-E7343D7173F9,1,CP_BANK_A,US10Y,2026-08-12,2026-11-20,9488,145.895,GBP,BUY,MOCK_TRADING_ENGINE,2026-08-12T10:49:11.023000+00:00
28f9b9c4-c44b-4144-8e48-04eb7cf2282c,TRD-152271B3B679,1,CP_CORP_A,AAPL,2026-08-12,2026-10-05,1723,1836.4873,EUR,BUY,MOCK_TRADING_ENGINE,2026-08-12T10:49:11.024000+00:00
bb56937f-09dd-4fc9-8b06-5986a614eebe,TRD-E62317039B6A,1,CP_FUND_A,AAPL,2026-08-12,2027-07-03,80,1809.1029,GBP,SELL,MOCK_TRADING_ENGINE,2026-08-12T10:49:11.025000+00:00
a3d0eb86-1bd5-40d1-8daf-bd471fd26c4f,TRD-60E82CF0074E,1,CP_FUND_A,US10Y,2026-08-12,2026-09-14,7270,2205.689,EUR,SELL,MOCK_TRADING_ENGINE,2026-08-12T10:49:11.026000+00:00
a03ff102-5321-45bd-bbbe-35b4d84b01be,TRD-C024D7F73ADD,0,CP_CORP_A,MSFT,2026-08-12,2027-04-27,8858,1610.5958,EUR,BUY,MOCK_TRADING_ENGINE,2026-08-12T10:49:11.027000+00:00
2e3367ba-e26a-4ea2-9083-4d6d0a1a8821,TRD-047A2DAA6F5E,1,CP_BANK_A,MSFT,2026-08-12,2027-01-26,8852,1376.2367,EUR,SELL,MOCK_TRADING_ENGINE,2026-08-12T10:49:11.028000+00:00
04808e83-a7d9-4a2c-9e26-d3c8e2d54c6a,TRD-0D7EAC923152,1,CP_CORP_A,GBPUSD,2026-08-12,2027-07-29,1500,1840.9696,GBP,BUY,MOCK_TRADING_ENGINE,2026-08-12T10:49:11.029000+00:00
377f7c2c-1fa5-4bcc-b69b-60a25a1201b5,TRD-0F8E545BEB07,1,CP_FUND_A,US10Y,2026-08-12,2026-11-11,9667,1261.1409,GBP,SELL,MOCK_TRADING_ENGINE,2026-08-12T10:49:11.030000+00:00
d3dfbecb-f99e-489b-bddd-ad61f50de077,TRD-FBB780CFB6AE,1,CP_BANK_B,AAPL,2026-08-12,2026-11-22,7243,899.7264,JPY,BUY,MOCK_TRADING_ENGINE,2026-08-12T10:49:11.031000+00:00
f86dd789-0080-4a98-8741-b071877d425b,TRD-C07CB9AE3A6E,1,CP_BANK_A,GBPUSD,2026-08-12,2027-04-13,4766,2424.5998,USD,BUY,MOCK_TRADING_ENGINE,2026-08-12T10:49:11.032000+00:00
8389552c-0d1b-443a-bced-9f4f08b59776,TRD-D46D9CB9E064,1,CP_FUND_A,USDJPY,2026-08-12,2027-01-10,762,2353.2466,EUR,SELL,MOCK_TRADING_ENGINE,2026-08-12T10:49:11.033000+00:00
f6c51008-e0ad-4abf-9eaa-3445aad1d9d5,TRD-A6398C56BAC1,1,CP_FUND_A,AAPL,2026-08-12,2026-08-02,1336,2032.9278,GBP,SELL,MOCK_TRADING_ENGINE,2026-08-12T10:49:11.034000+00:00
98540cf0-7332-4b17-95a9-18ff556d0b47,TRD-EA94B3E1FEFD,1,CP_CORP_A,GBPUSD,2026-08-12,2027-04-20,7993,2007.7476,JPY,SELL,MOCK_TRADING_ENGINE,2026-08-12T10:49:11.035000+00:00
f7a602e3-1476-4f65-8e8c-0a3a0f981683,TRD-C69815579450,1,CP_CORP_A,US10Y,2026-08-12,2027-08-10,5715,2279.6887,GBP,BUY,MOCK_TRADING_ENGINE,2026-08-12T10:49:11.036000+00:00
3641eecd-81b3-4196-b917-71a8913ce166,TRD-B6ACB73E5074,1,CP_BANK_A,US10Y,2026-08-12,2027-03-21,6175,1500.9296,GBP,SELL,MOCK_TRADING_ENGINE,2026-08-12T10:49:11.037000+00:00
4ecf1d03-b434-4069-8c17-37af874632c7,TRD-E391191B5161,1,CP_CORP_A,AAPL,2026-08-12,2026-09-04,6120,856.2123,EUR,BUY,MOCK_TRADING_ENGINE,2026-08-12T10:49:11.038000+00:00
4c434902-8b12-4fec-ab05-302c36405983,TRD-B6ACB73E5074,1,CP_BANK_B,AAPL,2026-08-12,2027-04-19,4029,1109.2388,USD,BUY,MOCK_TRADING_ENGINE,2026-08-12T10:49:11.039000+00:00
608d1b4d-7899-4eaa-9932-002261dbf2a8,TRD-54FF7B4DB5AD,1,CP_BANK_B,USDJPY,2026-08-12,2027-08-07,5613,2170.7732,EUR,SELL,MOCK_TRADING_ENGINE,2026-08-12T10:49:11.040000+00:00
0678ddb5-d3b8-4e59-8e69-5950eccce3b7,TRD-71F125923976,1,CP_CORP_A,GBPUSD,2026-08-12,2027-03-26,7532,205.8054,JPY,SELL,MOCK_TRADING_ENGINE,2026-08-12T10:49:11.041000+00:00
d34d0956-73fe-42e1-b9b4-e9c7b06ad58b,TRD-F43AA165571A,1,CP_BANK_A,GBPUSD,2026-08-12,2026-12-07,5414,1114.5171,EUR,BUY,MOCK_TRADING_ENGINE,2026-08-12T10:49:11.042000+00:00
0c478415-b191-48e1-b9f9-1d3bd11a3e09,TRD-223DB1C539B9,1,CP_FUND_A,GBPUSD,2026-08-12,2026-08-11,1574,145.3459,EUR,SELL,MOCK_TRADING_ENGINE,2026-08-12T10:49:11.043000+00:00
bec12068-26bd-4f9e-88c8-4f5037627c1d,TRD-138FBA9BA3F8,1,CP_BANK_A,US10Y,2026-08-12,2026-09-01,2508,1381.0816,JPY,SELL,MOCK_TRADING_ENGINE,2026-08-12T10:49:11.044000+00:00
bc1934cc-8821-40e4-85c3-a77f436f47ee,TRD-14CF450F556C,1,CP_CORP_A,USDJPY,2026-08-12,2027-08-01,697,528.1782,EUR,BUY,MOCK_TRADING_ENGINE,2026-08-12T10:49:11.045000+00:00
5694be18-911d-4963-bbbb-765a15df286a,TRD-92B560D99600,1,CP_BANK_A,MSFT,2026-08-12,2026-11-15,8896,1856.3167,GBP,BUY,MOCK_TRADING_ENGINE,2026-08-12T10:49:11.046000+00:00
4d9d00d7-7369-4584-a486-0c109b6da09a,TRD-9170AC01B2CB,1,CP_BANK_A,EURUSD,2026-08-12,2026-07-26,2310,2383.2434,JPY,SELL,MOCK_TRADING_ENGINE,2026-08-12T10:49:11.047000+00:00
39d9271e-1887-437e-b28c-a2a5c98ae9e7,TRD-673D54EE06BD,1,CP_BANK_A,MSFT,2026-08-12,2027-05-19,8982,2177.7654,USD,SELL,MOCK_TRADING_ENGINE,2026-08-12T10:49:11.048000+00:00
2405a4e9-ed12-4628-b2ce-75b5b595809f,TRD-AA2FEB88FF8B,1,CP_BANK_B,US10Y,2026-08-12,2027-07-03,7432,1451.7519,USD,BUY,MOCK_TRADING_ENGINE,2026-08-12T10:49:11.049000+00:00
e3ec0576-9ab2-4995-aa4a-6d4d789a910c,TRD-8B764A5E6810,1,CP_BANK_A,US10Y,2026-08-12,2026-09-04,5355,955.117,JPY,SELL,MOCK_TRADING_ENGINE,2026-08-12T10:49:11.050000+00:00
5b06c74f-8017-49ce-8bed-16f06e1284b6,TRD-ACCB133C52BD,1,CP_BANK_A,AAPL,2026-08-12,2026-12-03,2554,2234.8203,USD,BUY,MOCK_TRADING_ENGINE,2026-08-12T10:49:11.051000+00:00
70b7aedc-3b01-4c0b-9f0a-8243df6d49c0,TRD-8B4DF674C2A6,1,CP_FUND_A,AAPL,2026-08-12,2026-09-18,1628,1108.5511,JPY,BUY,MOCK_TRADING_ENGINE,2026-08-12T10:49:11.052000+00:00
63f7dd3c-e6d3-4ca8-831a-8053b59ce32d,TRD-99292E1A4719,1,CP_BANK_B,AAPL,2026-08-12,2026-10-15,7081,1969.3846,GBP,BUY,MOCK_TRADING_ENGINE,2026-08-12T10:49:11.053000+00:00
a15c5742-e119-4f64-a4da-671808c39556,TRD-316F30EA3882,1,CP_BANK_B,US10Y,2026-08-12,2026-11-17,2138,850.4906,USD,BUY,MOCK_TRADING_ENGINE,2026-08-12T10:49:11.054000+00:00
15727f74-a0bc-49c3-af3c-fc6497eaa152,TRD-3EA33123F2CE,1,CP_BANK_B,USDJPY,2026-08-12,2026-12-17,5404,1478.6207,USD,SELL,MOCK_TRADING_ENGINE,2026-08-12T10:49:11.055000+00:00
7cec1e98-bb28-4e68-880f-70dd6147ba0e,TRD-5EB664A355BD,1,CP_BANK_B,EURUSD,2026-08-12,2027-01-26,8976,1713.1698,JPY,SELL,MOCK_TRADING_ENGINE,2026-08-12T10:49:11.056000+00:00
797ad4e5-f77a-4ef0-9e57-2ea800bea27d,TRD-3E62EEE1B304,1,CP_FUND_A,GBPUSD,2026-08-12,2027-04-09,9112,1035.6966,USD,SELL,MOCK_TRADING_ENGINE,2026-08-12T10:49:11.057000+00:00
f4f24c37-8222-4386-aa3e-4601aa2299e0,TRD-A2AFCEED0666,1,CP_FUND_A,EURUSD,2026-08-12,2026-12-15,8166,2005.8288,JPY,BUY,MOCK_TRADING_ENGINE,2026-08-12T10:49:11.058000+00:00
5ff8d509-e473-47bd-bdda-44e7a66ccc74,TRD-E5AFE3C9E1CB,1,CP_BANK_B,EURUSD,2026-08-12,2027-06-28,2751,995.7695,GBP,SELL,MOCK_TRADING_ENGINE,2026-08-12T10:49:11.059000+00:00
143407d6-0400-4698-ae75-83bf58ea4c90,TRD-13835F227AA4,1,CP_BANK_B,US10Y,2026-08-12,2026-11-16,9778,1074.283,GBP,BUY,MOCK_TRADING_ENGINE,2026-08-12T10:49:11.060000+00:00
032bc17a-f6a0-4621-a7dd-99714af59657,TRD-0627D7379E34,1,CP_BANK_A,MSFT,2026-08-12,2026-10-04,8768,667.2564,GBP,BUY,MOCK_TRADING_ENGINE,2026-08-12T10:49:11.061000+00:00
e099632f-a08d-4325-94a8-082b6513de06,TRD-20562E4F1814,1,CP_CORP_A,EURUSD,2026-08-12,2027-06-14,4046,1066.2173,EUR,SELL,MOCK_TRADING_ENGINE,2026-08-12T10:49:11.062000+00:00
6f30d36f-046d-4265-b1a6-a7dd33db3510,TRD-99292E1A4719,1,CP_BANK_A,MSFT,2026-08-12,2027-02-25,5452,24.219,EUR,BUY,MOCK_TRADING_ENGINE,2026-08-12T10:49:11.063000+00:00
9b9a9b38-756b-49a8-9acb-29a21dbe9754,TRD-AA4FF37A831E,1,CP_BANK_B,GBPUSD,2026-08-12,2027-01-23,1889,1362.756,USD,BUY,MOCK_TRADING_ENGINE,2026-08-12T10:49:11.064000+00:00
a8afab34-cc68-48ae-9db5-f11fda95bc40,TRD-E90418E61B6C,1,CP_BANK_B,USDJPY,2026-08-12,2027-08-05,1187,1795.0531,JPY,SELL,MOCK_TRADING_ENGINE,2026-08-12T10:49:11.065000+00:00
502658fe-62c4-4972-a7ee-e10aa5ce907d,TRD-A4AFB371CAB9,1,CP_BANK_A,GBPUSD,2026-08-12,2026-09-02,2148,2009.6535,JPY,SELL,MOCK_TRADING_ENGINE,2026-08-12T10:49:11.066000+00:00
e37d48af-9a52-4ee1-b41f-4e834e1377f9,TRD-67A5796AAFD7,1,CP_BANK_A,GBPUSD,2026-08-12,2026-08-01,5428,2395.8531,JPY,SELL,MOCK_TRADING_ENGINE,2026-08-12T10:49:11.067000+00:00
8948d990-d3dd-4302-9f02-842e785ac8b5,TRD-1161EBA28159,1,CP_CORP_A,USDJPY,2026-08-12,2027-07-03,6741,1852.5639,JPY,BUY,MOCK_TRADING_ENGINE,2026-08-12T10:49:11.068000+00:00
0a062121-a960-4790-9ecc-b00567770f41,TRD-77B2CEAB1339,1,CP_BANK_A,USDJPY,2026-08-12,2026-07-17,8292,433.664,JPY,BUY,MOCK_TRADING_ENGINE,2026-08-12T10:49:11.069000+00:00
124de2c9-b42b-4c1f-bf0c-dc8e0186e45b,TRD-43E74CEABA1B,1,CP_BANK_B,USDJPY,2026-08-12,2026-08-04,1443,1326.912,USD,BUY,MOCK_TRADING_ENGINE,2026-08-12T10:49:11.070000+00:00
1f4a95d3-49d2-4db9-9906-b61cd074d78a,TRD-6285BEFD325D,1,CP_BANK_A,MSFT,2026-08-12,2027-02-07,2871,2378.8692,GBP,BUY,MOCK_TRADING_ENGINE,2026-08-12T10:49:11.071000+00:00
a457d7ee-722d-4f8d-b713-32f4c3d15ae7,TRD-3B34F4CE7E45,1,CP_FUND_A,USDJPY,2026-08-12,2027-06-24,2241,231.1022,USD,SELL,MOCK_TRADING_ENGINE,2026-08-12T10:49:11.072000+00:00
9f984813-6bc1-4788-859a-3135d530531c,TRD-9F3822F325C9,1,CP_BANK_B,US10Y,2026-08-12,2026-10-04,6197,881.203,EUR,SELL,MOCK_TRADING_ENGINE,2026-08-12T10:49:11.073000+00:00
2fdd3e8d-3b21-4071-8e11-a095b03aff6f,TRD-7A277A113567,1,CP_CORP_A,USDJPY,2026-08-12,2026-12-16,3326,2016.9764,EUR,SELL,MOCK_TRADING_ENGINE,2026-08-12T10:49:11.074000+00:00
81d4c23b-4af2-42ad-b285-dbe704508936,TRD-3CB36F0C39BB,1,CP_BANK_B,EURUSD,2026-08-12,2026-08-28,2300,509.168,EUR,SELL,MOCK_TRADING_ENGINE,2026-08-12T10:49:11.075000+00:00
e914ca6c-a8c1-41a9-8a8a-46dbdd2946b4,TRD-54FF7B4DB5AD,1,CP_BANK_B,US10Y,2026-08-12,2027-04-24,7812,1032.7563,USD,SELL,MOCK_TRADING_ENGINE,2026-08-12T10:49:11.076000+00:00
57d8d39b-d472-4bf4-8786-f6e79540fb45,TRD-DC9F5AB25C64,1,CP_BANK_A,EURUSD,2026-08-12,2026-09-06,656,1658.7737,USD,BUY,MOCK_TRADING_ENGINE,2026-08-12T10:49:11.077000+00:00
100cf065-878e-450a-9676-fa14879a1d07,TRD-D71E6EE3344C,1,CP_BANK_A,EURUSD,2026-08-12,2027-03-07,3059,224.3636,GBP,SELL,MOCK_TRADING_ENGINE,2026-08-12T10:49:11.078000+00:00
29b05af6-c24b-4328-a17a-64dcf1d6b33d,TRD-5227E4E7C46D,1,CP_BANK_B,GBPUSD,2026-08-12,2027-02-21,2909,725.1355,USD,SELL,MOCK_TRADING_ENGINE,2026-08-12T10:49:11.079000+00:00
fb4d7e70-accd-4f24-9e7b-4049e1c941be,TRD-8149D6C539BF,1,CP_CORP_A,US10Y,2026-08-12,2027-04-03,7771,2318.4639,GBP,SELL,MOCK_TRADING_ENGINE,2026-08-12T10:49:11.080000+00:00
cfa0b300-1a5d-4cff-994c-bfff31f622db,TRD-C14FD7F06A6C,1,CP_BANK_B,MSFT,2026-08-12,2027-03-13,9186,1909.7075,JPY,SELL,MOCK_TRADING_ENGINE,2026-08-12T10:49:11.081000+00:00
8d58bd58-9190-4eb5-995b-a54080ec045c,TRD-C030630B0AD8,1,CP_FUND_A,MSFT,2026-08-12,2027-06-08,2717,1787.1336,GBP,SELL,MOCK_TRADING_ENGINE,2026-08-12T10:49:11.082000+00:00
71b08415-04b9-4c22-ba12-c37b115ed5ee,TRD-70390049173C,1,CP_BANK_B,US10Y,2026-08-12,2027-07-14,5774,1248.5822,JPY,BUY,MOCK_TRADING_ENGINE,2026-08-12T10:49:11.083000+00:00
f138df5e-d445-4775-8cae-731457531679,TRD-84FA3242D38C,1,CP_BANK_B,USDJPY,2026-08-12,2027-02-27,5466,2421.9156,EUR,BUY,MOCK_TRADING_ENGINE,2026-08-12T10:49:11.084000+00:00
36cb25ad-2a6b-4b4d-83a2-c6a30f4b5a4e,TRD-94E3DD4AE5B2,1,CP_FUND_A,GBPUSD,2026-08-12,2026-10-08,7048,2451.3187,GBP,SELL,MOCK_TRADING_ENGINE,2026-08-12T10:49:11.085000+00:00
93dae6ed-07cd-4d0e-a512-58f44b0d0456,TRD-3618E2A02356,1,CP_BANK_A,GBPUSD,2026-08-12,2027-06-20,430,502.0538,JPY,BUY,MOCK_TRADING_ENGINE,2026-08-12T10:49:11.086000+00:00
07c29b62-22f3-450e-9013-d71e2c6fdf55,TRD-FBE72FFD8F81,1,CP_CORP_A,EURUSD,2026-08-12,2026-07-16,109,2005.2938,USD,BUY,MOCK_TRADING_ENGINE,2026-08-12T10:49:11.087000+00:00
fdcc60de-b032-4c45-bb92-1ded0ca74f4d,TRD-30FD0338E7B2,1,CP_BANK_A,MSFT,2026-08-12,2027-02-07,929,800.6667,JPY,SELL,MOCK_TRADING_ENGINE,2026-08-12T10:49:11.088000+00:00
9c56b737-d91b-41c4-b37f-1dd8c5fa0b6f,TRD-82050EE8F2C5,1,CP_BANK_B,AAPL,2026-08-12,2027-06-13,2052,501.3987,JPY,BUY,MOCK_TRADING_ENGINE,2026-08-12T10:49:11.089000+00:00
10410d23-aaa7-41dc-b917-3d41f1ecf4af,TRD-E4C92BFB7AA5,1,CP_CORP_A,GBPUSD,2026-08-12,2027-03-13,3161,1207.7073,EUR,BUY,MOCK_TRADING_ENGINE,2026-08-12T10:49:11.090000+00:00
aa1a7337-dd04-4402-af31-eb15a1246203,TRD-CB8AB7E58ECF,1,CP_BANK_B,GBPUSD,2026-08-12,2027-07-21,7793,719.31,EUR,BUY,MOCK_TRADING_ENGINE,2026-08-12T10:49:11.091000+00:00
967929f3-c18b-4b3d-b9fe-fad96008ecdb,TRD-14CF450F556C,0,CP_BANK_A,US10Y,2026-08-12,2027-04-07,9669,861.4913,GBP,BUY,MOCK_TRADING_ENGINE,2026-08-12T10:49:11.092000+00:00
4fc5b82f-40aa-4847-8d32-dc456fba0066,TRD-B5DFE7E51CD8,1,CP_BANK_A,AAPL,2026-08-12,2026-11-19,9875,1722.384,JPY,BUY,MOCK_TRADING_ENGINE,2026-08-12T10:49:11.093000+00:00
ebf37a49-2cba-493b-b55a-6c5ba32d9a0b,TRD-B9AC8550E2F2,1,CP_BANK_A,USDJPY,2026-08-12,2027-06-30,2952,1274.7225,USD,BUY,MOCK_TRADING_ENGINE,2026-08-12T10:49:11.094000+00:00
cde8765e-294b-455e-b08f-7823dbaaf041,TRD-D337958BA762,1,CP_BANK_A,MSFT,2026-08-12,2027-04-13,7480,1372.4948,USD,BUY,MOCK_TRADING_ENGINE,2026-08-12T10:49:11.095000+00:00
8ed36d47-3d02-4eba-a8ce-75fef1a155be,TRD-4D4E9D707C5F,1,CP_BANK_A,USDJPY,2026-08-12,2026-12-08,1228,2443.7137,USD,BUY,MOCK_TRADING_ENGINE,2026-08-12T10:49:11.096000+00:00
2f99e8ab-a13c-400a-bfe6-f67ceacaf6b1,TRD-7BFBC4BFD144,1,CP_CORP_A,MSFT,2026-08-12,2026-11-10,5091,1119.732,USD,SELL,MOCK_TRADING_ENGINE,2026-08-12T10:49:11.097000+00:00
afcee7c7-d160-4c9f-9528-f19984b838f1,TRD-6A44B4CF50F9,1,CP_CORP_A,EURUSD,2026-08-12,2027-06-22,6931,2182.1838,USD,SELL,MOCK_TRADING_ENGINE,2026-08-12T10:49:11.098000+00:00
7d4443ec-9eab-4116-a8fa-2dc93e81c71b,TRD-A323992F706F,1,CP_BANK_A,AAPL,2026-08-12,2026-11-10,7540,12.1089,USD,BUY,MOCK_TRADING_ENGINE,2026-08-12T10:49:11.099000+00:00
9ef37d4f-0b78-43c8-9e4e-8b1e9d4d323f,TRD-82763E1F8149,1,CP_BANK_A,EURUSD,2026-08-12,2026-09-07,6898,1105.5858,GBP,SELL,MOCK_TRADING_ENGINE,2026-08-12T10:49:11.100000+00:00
3c2124cc-99c9-492c-93b1-cb4edcba2e86,TRD-A85F182F0874,1,CP_CORP_A,EURUSD,2026-08-12,2027-04-01,7433,432.2721,USD,SELL,MOCK_TRADING_ENGINE,2026-08-12T10:49:11.101000+00:00
36aeca13-cffb-4b2c-a6fc-b2fee8efeb74,TRD-60254F8C6EF8,1,CP_CORP_A,AAPL,2026-08-12,2026-09-01,6339,1743.4073,GBP,SELL,MOCK_TRADING_ENGINE,2026-08-12T10:49:11.102000+00:00
05b2a2d4-1079-4d3e-bd99-027e3d64634d,TRD-BDCB4299FE40,1,CP_FUND_A,USDJPY,2026-08-12,2027-08-10,9061,688.0442,GBP,SELL,MOCK_TRADING_ENGINE,2026-08-12T10:49:11.103000+00:00
043ff2cc-b480-47f0-aca0-e7088bfceba4,TRD-2F33C36DE756,1,CP_FUND_A,GBPUSD,2026-08-12,2026-10-20,8705,1022.171,GBP,SELL,MOCK_TRADING_ENGINE,2026-08-12T10:49:11.104000+00:00
3bad4925-a7c6-4c38-93e5-6ba79c0d404b,TRD-3C1A52BC6A4B,1,CP_FUND_A,AAPL,2026-08-12,2027-02-28,6714,168.5148,GBP,BUY,MOCK_TRADING_ENGINE,2026-08-12T10:49:11.105000+00:00
6b521227-31af-460f-8f7e-ac22fde03bd3,TRD-D0553DE731C9,1,CP_BANK_A,GBPUSD,2026-08-12,2027-08-08,8799,351.8627,USD,SELL,MOCK_TRADING_ENGINE,2026-08-12T10:49:11.106000+00:00
32412c75-1448-41dc-b644-b4d0abd1a5ce,TRD-567D7E987A46,1,CP_CORP_A,MSFT,2026-08-12,2027-05-01,271,206.6834,EUR,BUY,MOCK_TRADING_ENGINE,2026-08-12T10:49:11.107000+00:00
8c783caf-bc84-4fef-9bb0-a6ea2e3f899b,TRD-152A6A1265BB,1,CP_BANK_B,AAPL,2026-08-12,2026-12-22,1324,958.9384,GBP,SELL,MOCK_TRADING_ENGINE,2026-08-12T10:49:11.108000+00:00
6fe22644-e80b-4b07-9d82-5dfcf38c74eb,TRD-2453A372059E,1,CP_FUND_A,USDJPY,2026-08-12,2027-07-01,35,662.7096,EUR,SELL,MOCK_TRADING_ENGINE,2026-08-12T10:49:11.109000+00:00
24b05610-8b6e-493d-bdd5-f0eabc812c55,TRD-2C8886A1460E,1,CP_FUND_A,AAPL,2026-08-12,2027-04-01,3803,1494.6566,USD,BUY,MOCK_TRADING_ENGINE,2026-08-12T10:49:11.110000+00:00
67a6df7b-6266-41d3-a91e-24023227e453,TRD-4AA7CBA3B3B3,1,CP_BANK_B,EURUSD,2026-08-12,2026-07-21,1806,227.4712,GBP,BUY,MOCK_TRADING_ENGINE,2026-08-12T10:49:11.111000+00:00
42ee0e2e-dc43-4e58-ae6c-971886a6ccf8,TRD-E2FAF8479884,1,CP_FUND_A,AAPL,2026-08-12,2027-05-07,1022,1975.8326,GBP,BUY,MOCK_TRADING_ENGINE,2026-08-12T10:49:11.112000+00:00
752d9787-0a32-4412-97c1-26398ab219a4,TRD-BD2F65DB4DBA,1,CP_BANK_A,AAPL,2026-08-12,2027-06-19,5312,484.4019,EUR,BUY,MOCK_TRADING_ENGINE,2026-08-12T10:49:11.113000+00:00
97796cd4-e014-4466-9ff1-e55eaec00cda,TRD-FA2E1B8D0123,1,CP_FUND_A,EURUSD,2026-08-12,2027-01-26,1881,2464.3329,USD,SELL,MOCK_TRADING_ENGINE,2026-08-12T10:49:11.114000+00:00
aae0a73d-2623-4ef5-b513-8133d6ff64ae,TRD-52486FC228A3,1,CP_BANK_A,EURUSD,2026-08-12,2026-10-30,5652,1519.7504,JPY,SELL,MOCK_TRADING_ENGINE,2026-08-12T10:49:11.115000+00:00
3ef39679-dead-45f5-84d3-434dfa1d485c,TRD-1F719C74C5F6,1,CP_BANK_B,USDJPY,2026-08-12,2026-09-30,3105,1436.8529,EUR,SELL,MOCK_TRADING_ENGINE,2026-08-12T10:49:11.116000+00:00
b1d19e15-6761-4791-b2e7-86eee4fe15c3,TRD-71CF27A68CA5,1,CP_BANK_A,EURUSD,2026-08-12,2026-10-07,9101,194.5048,USD,SELL,MOCK_TRADING_ENGINE,2026-08-12T10:49:11.117000+00:00
25d7cae6-82ff-42b6-992d-947a624a74dc,TRD-3C1E5C8822A2,0,CP_CORP_A,EURUSD,2026-08-12,2027-07-30,3884,1672.0699,EUR,BUY,MOCK_TRADING_ENGINE,2026-08-12T10:49:11.118000+00:00
ef22ea2d-6479-4af8-b436-5b8134e03f30,TRD-4FD618B6B4BF,1,CP_BANK_A,GBPUSD,2026-08-12,2026-12-20,1830,1909.6337,GBP,BUY,MOCK_TRADING_ENGINE,2026-08-12T10:49:11.119000+00:00
0f44abc6-71eb-4965-aad8-575cc18f80bc,TRD-109A8984B5D4,1,CP_FUND_A,AAPL,2026-08-12,2026-07-16,5284,2405.2203,JPY,BUY,MOCK_TRADING_ENGINE,2026-08-12T10:49:11.120000+00:00
460f8338-2860-4682-85f4-17d1868e17be,TRD-48D9DBF8656B,1,CP_BANK_A,USDJPY,2026-08-12,2027-03-01,4177,2336.2236,JPY,SELL,MOCK_TRADING_ENGINE,2026-08-12T10:49:11.121000+00:00
65d1610f-32b8-4797-a5e2-d2877f5a0d4e,TRD-D71E6EE3344C,1,CP_FUND_A,US10Y,2026-08-12,2026-08-20,8808,577.0631,GBP,BUY,MOCK_TRADING_ENGINE,2026-08-12T10:49:11.122000+00:00
be7275c8-3003-4e6e-b9f1-0d2e98ee5dfc,TRD-F145BF5F5855,1,CP_BANK_B,MSFT,2026-08-12,2026-09-26,1027,2491.3824,EUR,BUY,MOCK_TRADING_ENGINE,2026-08-12T10:49:11.123000+00:00
55707d72-276a-4cec-a730-3829ef41f71f,TRD-FB6810B95785,1,CP_BANK_B,MSFT,2026-08-12,2026-09-14,7983,592.5576,EUR,BUY,MOCK_TRADING_ENGINE,2026-08-12T10:49:11.124000+00:00
7ed1343b-a7d6-4b94-86e6-3a81565ad72d,TRD-AF57F2740A2F,1,CP_BANK_A,USDJPY,2026-08-12,2027-05-30,6282,312.9871,USD,SELL,MOCK_TRADING_ENGINE,2026-08-12T10:49:11.125000+00:00
00185266-0264-4782-8b7c-bc09b5dad526,TRD-7FADBC5E97D3,1,CP_FUND_A,USDJPY,2026-08-12,2026-11-01,1450,186.2309,USD,BUY,MOCK_TRADING_ENGINE,2026-08-12T10:49:11.126000+00:00
37ff2a16-239e-4e22-b8e0-3f5aa9db1720,TRD-F29CF116656C,1,CP_CORP_A,USDJPY,2026-08-12,2027-03-31,2210,43.2434,USD,SELL,MOCK_TRADING_ENGINE,2026-08-12T10:49:11.127000+00:00
fb111ea3-356c-4eb4-8410-056520d08758,TRD-ACB7D1A98CF4,1,CP_BANK_B,MSFT,2026-08-12,2027-03-08,2363,919.2832,USD,BUY,MOCK_TRADING_ENGINE,2026-08-12T10:49:11.128000+00:00
274fd8d1-d492-4ddf-9d09-ee846e7edc80,TRD-9F3822F325C9,1,CP_CORP_A,MSFT,2026-08-12,2027-06-28,9906,204.4986,JPY,SELL,MOCK_TRADING_ENGINE,2026-08-12T10:49:11.129000+00:00
a688b751-b33d-413b-b70f-06954705812d,TRD-B8A9C20F555A,1,CP_CORP_A,MSFT,2026-08-12,2026-10-17,8488,1349.3061,USD,SELL,MOCK_TRADING_ENGINE,2026-08-12T10:49:11.130000+00:00
52c565d9-f273-407f-b987-716e3fe7823f,TRD-A12CEC46BDDB,1,CP_CORP_A,MSFT,2026-08-12,2026-10-09,2283,1218.2077,EUR,BUY,MOCK_TRADING_ENGINE,2026-08-12T10:49:11.131000+00:00
8786bfba-fc7f-4426-a7f9-6b951cc79261,TRD-A90E58A84CD4,1,CP_BANK_A,GBPUSD,2026-08-12,2027-06-10,6837,1140.0361,GBP,SELL,MOCK_TRADING_ENGINE,2026-08-12T10:49:11.132000+00:00
147baef2-a3b4-4735-af14-3fcbe9327b68,TRD-04AEC99E35A5,1,CP_BANK_B,USDJPY,2026-08-12,2026-12-27,4649,2141.6176,USD,BUY,MOCK_TRADING_ENGINE,2026-08-12T10:49:11.133000+00:00
3a2b575b-51d8-41a7-81bb-5fee033ac316,TRD-BE9A49A785CB,1,CP_BANK_A,AAPL,2026-08-12,2027-04-30,3912,982.8651,USD,BUY,MOCK_TRADING_ENGINE,2026-08-12T10:49:11.134000+00:00
00411878-2933-4e19-86d6-b394caa1913c,TRD-20EAD69A8111,1,CP_BANK_A,USDJPY,2026-08-12,2026-09-25,8885,1098.5725,EUR,SELL,MOCK_TRADING_ENGINE,2026-08-12T10:49:11.135000+00:00
925ef872-2e83-443a-ac13-a9f4b42479a2,TRD-0956BAAF5F77,1,CP_CORP_A,AAPL,2026-08-12,2027-05-24,8846,1534.7925,USD,SELL,MOCK_TRADING_ENGINE,2026-08-12T10:49:11.136000+00:00
a410c4fb-30e9-4d58-bf9b-27836be44e2c,TRD-C895DBF92B9A,1,CP_FUND_A,US10Y,2026-08-12,2027-02-16,5996,1535.8423,GBP,SELL,MOCK_TRADING_ENGINE,2026-08-12T10:49:11.137000+00:00
d25c4328-2a54-4cb9-9c68-27ef7182aa1b,TRD-7155E644F183,1,CP_CORP_A,US10Y,2026-08-12,2027-03-18,9487,677.9393,EUR,SELL,MOCK_TRADING_ENGINE,2026-08-12T10:49:11.138000+00:00
ac372ecf-45bc-40e4-af17-78aba4c63da0,TRD-2CFC0D75A1CF,1,CP_BANK_A,MSFT,2026-08-12,2026-10-13,3119,27.6784,USD,BUY,MOCK_TRADING_ENGINE,2026-08-12T10:49:11.139000+00:00
0c92ef40-7ccc-4ae9-ba1d-d32be58dda39,TRD-598B0FB5C3AC,1,CP_FUND_A,US10Y,2026-08-12,2027-04-15,1337,1837.5898,EUR,BUY,MOCK_TRADING_ENGINE,2026-08-12T10:49:11.140000+00:00
7e7b705d-da05-4c88-8ee1-3efbc302df57,TRD-9C8DC7EA157E,1,CP_CORP_A,MSFT,2026-08-12,2027-05-27,9785,1614.064,JPY,BUY,MOCK_TRADING_ENGINE,2026-08-12T10:49:11.141000+00:00
cfa4c68b-c5f2-4518-86bd-239649e3bbca,TRD-FDD5CA352A5A,1,CP_FUND_A,EURUSD,2026-08-12,2027-05-21,663,1143.7203,USD,BUY,MOCK_TRADING_ENGINE,2026-08-12T10:49:11.142000+00:00
5ca7a9dc-89fd-4718-9923-514f7a28b477,TRD-EC4312BCE4A7,1,CP_FUND_A,US10Y,2026-08-12,2026-10-03,8055,39.3114,EUR,SELL,MOCK_TRADING_ENGINE,2026-08-12T10:49:11.143000+00:00
0e6dff4a-1396-4b41-9f0b-3097ac488517,TRD-FC4AFEDFF8B6,1,CP_FUND_A,GBPUSD,2026-08-12,2027-04-24,7355,271.4245,JPY,SELL,MOCK_TRADING_ENGINE,2026-08-12T10:49:11.144000+00:00
d0ac6883-1ba2-4d40-a775-82a9801aaffd,TRD-BFFB436806FD,1,CP_CORP_A,USDJPY,2026-08-12,2026-09-23,7575,852.5742,JPY,SELL,MOCK_TRADING_ENGINE,2026-08-12T10:49:11.145000+00:00
3f236985-f05c-41d3-84ed-95e4898fcc66,TRD-B391A7436902,1,CP_BANK_A,US10Y,2026-08-12,2026-08-22,1293,1349.561,GBP,BUY,MOCK_TRADING_ENGINE,2026-08-12T10:49:11.146000+00:00
77b643e7-943d-4615-a6bf-9ea0bba1652d,TRD-526CBDF5E080,1,CP_BANK_A,GBPUSD,2026-08-12,2027-08-03,7197,2388.1761,GBP,SELL,MOCK_TRADING_ENGINE,2026-08-12T10:49:11.147000+00:00
face68d3-a497-4a47-9fed-afeed03c7284,TRD-810A8909C207,1,CP_BANK_B,EURUSD,2026-08-12,2026-10-06,6205,1336.1192,JPY,BUY,MOCK_TRADING_ENGINE,2026-08-12T10:49:11.148000+00:00
1a6fe0a7-c4dc-450c-af7b-64fefd6838d8,TRD-51EB7C3AF6C7,1,CP_BANK_A,GBPUSD,2026-08-12,2027-03-23,5484,2244.9249,JPY,BUY,MOCK_TRADING_ENGINE,2026-08-12T10:49:11.149000+00:00
125ab271-4507-4821-abc0-b9cc242f1fd6,TRD-5CC282FD45C1,1,CP_FUND_A,GBPUSD,2026-08-12,2026-09-13,496,1078.4794,EUR,SELL,MOCK_TRADING_ENGINE,2026-08-12T10:49:11.150000+00:00
87389ae9-a77d-4a4f-a851-85d3bb5b387e,TRD-B9AC8550E2F2,1,CP_BANK_B,GBPUSD,2026-08-12,2027-05-27,7343,843.4792,JPY,SELL,MOCK_TRADING_ENGINE,2026-08-12T10:49:11.151000+00:00
32d23a92-8073-4c9f-b934-752b3a44549e,TRD-0B00BD998869,1,CP_CORP_A,EURUSD,2026-08-12,2027-04-06,8279,213.2459,GBP,BUY,MOCK_TRADING_ENGINE,2026-08-12T10:49:11.152000+00:00
9733913a-60cc-4b88-bd88-bf5b86331c8c,TRD-3C42BF8F85CA,1,CP_FUND_A,EURUSD,2026-08-12,2026-10-07,1526,509.8699,EUR,BUY,MOCK_TRADING_ENGINE,2026-08-12T10:49:11.153000+00:00
427d4db4-193b-462b-9fb3-a5b97d8b5116,TRD-5B6F7871B8E8,1,CP_FUND_A,AAPL,2026-08-12,2026-11-02,7270,312.1126,EUR,SELL,MOCK_TRADING_ENGINE,2026-08-12T10:49:11.154000+00:00
cab475b6-308d-4abf-aa67-69361414462a,TRD-B042E3C52CB8,1,CP_FUND_A,USDJPY,2026-08-12,2026-12-19,7918,840.6449,EUR,SELL,MOCK_TRADING_ENGINE,2026-08-12T10:49:11.155000+00:00
e517f35c-003b-4522-bb80-4748c13987a8,TRD-8F6567BC7EEB,1,CP_CORP_A,AAPL,2026-08-12,2026-11-09,2672,337.3944,GBP,SELL,MOCK_TRADING_ENGINE,2026-08-12T10:49:11.156000+00:00
871d4fef-85f8-4839-863c-73feb2aa7d7f,TRD-9D424A67E6CE,1,CP_FUND_A,US10Y,2026-08-12,2026-11-20,2438,243.9678,USD,BUY,MOCK_TRADING_ENGINE,2026-08-12T10:49:11.157000+00:00
385879d8-a625-4d8c-a569-b8c2679e997f,TRD-24432EBC078B,1,CP_BANK_A,US10Y,2026-08-12,2027-01-04,5838,1630.3076,JPY,SELL,MOCK_TRADING_ENGINE,2026-08-12T10:49:11.158000+00:00
73e27c13-e8c5-4480-9052-4483d94d120c,TRD-E0C7D6D34099,1,CP_CORP_A,EURUSD,2026-08-12,2027-06-25,4668,1305.0193,JPY,BUY,MOCK_TRADING_ENGINE,2026-08-12T10:49:11.159000+00:00
a173726b-5ba3-4906-9677-03efaeeb5400,TRD-7403647F7444,1,CP_BANK_A,USDJPY,2026-08-12,2027-04-28,4866,1810.4401,EUR,SELL,MOCK_TRADING_ENGINE,2026-08-12T10:49:11.160000+00:00
d7d9ce73-9d5f-4c7f-ad18-80aabff543a6,TRD-163D830262D7,1,CP_BANK_B,MSFT,2026-08-12,2027-05-19,9196,1162.6701,USD,SELL,MOCK_TRADING_ENGINE,2026-08-12T10:49:11.161000+00:00
ffe34594-4961-45c8-a2fd-84ab3c848f3d,TRD-657E396A8500,1,CP_FUND_A,MSFT,2026-08-12,2027-06-26,6582,674.4466,USD,SELL,MOCK_TRADING_ENGINE,2026-08-12T10:49:11.162000+00:00
c30bc5ba-7c1c-4137-8463-2064fb3d6c4b,TRD-84291CB5EF41,1,CP_BANK_B,AAPL,2026-08-12,2027-04-14,6962,2314.9551,JPY,BUY,MOCK_TRADING_ENGINE,2026-08-12T10:49:11.163000+00:00
082e8402-884c-44ae-a2d6-425e29d635a9,TRD-3B5BCC233516,1,CP_BANK_A,EURUSD,2026-08-12,2027-05-02,8632,185.8249,USD,BUY,MOCK_TRADING_ENGINE,2026-08-12T10:49:11.164000+00:00
28fb6695-4c66-4c63-ba51-9221173911b5,TRD-8149D6C539BF,0,CP_BANK_A,MSFT,2026-08-12,2027-05-31,8330,2285.6722,USD,SELL,MOCK_TRADING_ENGINE,2026-08-12T10:49:11.165000+00:00
3ffef021-ce66-4f54-a02a-a949547d87cd,TRD-2CFC0D75A1CF,1,CP_FUND_A,USDJPY,2026-08-12,2027-02-02,4982,226.5153,GBP,SELL,MOCK_TRADING_ENGINE,2026-08-12T10:49:11.166000+00:00
bd31755e-c6e5-4d4b-8d86-120def99fd44,TRD-FDABAF714B1E,1,CP_FUND_A,MSFT,2026-08-12,2026-10-04,6205,906.255,JPY,BUY,MOCK_TRADING_ENGINE,2026-08-12T10:49:11.167000+00:00
f7c14ff4-8501-4f99-baea-87af64c48fc4,TRD-873C3C477A86,1,CP_BANK_B,GBPUSD,2026-08-12,2026-11-26,9078,541.4497,GBP,BUY,MOCK_TRADING_ENGINE,2026-08-12T10:49:11.168000+00:00
9da322a2-2fcb-424f-af5a-e64d7735176f,TRD-EDCAC31FE2F4,1,CP_BANK_B,USDJPY,2026-08-12,2026-10-11,8952,2343.8421,EUR,SELL,MOCK_TRADING_ENGINE,2026-08-12T10:49:11.169000+00:00
f661fa9a-7548-4e77-8980-7b5c8d8ba6b8,TRD-A7FACBC7C963,1,CP_CORP_A,EURUSD,2026-08-12,2027-06-14,5299,2026.802,JPY,SELL,MOCK_TRADING_ENGINE,2026-08-12T10:49:11.170000+00:00
14a5d5a1-b8fe-45d6-af15-30c55d9d1791,TRD-92EAF0B36448,1,CP_FUND_A,US10Y,2026-08-12,2027-03-15,4303,116.5048,GBP,SELL,MOCK_TRADING_ENGINE,2026-08-12T10:49:11.171000+00:00
6eb405ef-1234-4b48-872e-00c4a1e6939a,TRD-F84C9E9623C9,1,CP_CORP_A,US10Y,2026-08-12,2027-05-13,5071,2473.5549,JPY,SELL,MOCK_TRADING_ENGINE,2026-08-12T10:49:11.172000+00:00
d92974f1-67db-44c6-9ebb-388c0a8a7dab,TRD-B2792FFFA858,1,CP_CORP_A,AAPL,2026-08-12,2026-11-14,1112,2382.1197,JPY,BUY,MOCK_TRADING_ENGINE,2026-08-12T10:49:11.173000+00:00
2cbaa142-da03-45c9-bc13-2bc8e75066b9,TRD-39D05B3FF91F,1,CP_CORP_A,US10Y,2026-08-12,2027-05-03,9868,2001.7564,GBP,BUY,MOCK_TRADING_ENGINE,2026-08-12T10:49:11.174000+00:00
b0dd0e99-3ddd-44b9-a08a-a559cb784abc,TRD-D77593F4C39B,1,CP_CORP_A,EURUSD,2026-08-12,2026-10-09,4834,112.2909,EUR,SELL,MOCK_TRADING_ENGINE,2026-08-12T10:49:11.175000+00:00
be24bc26-cf20-4258-bbda-f88cdc9eec7f,TRD-CBCF3640221B,1,CP_BANK_B,AAPL,2026-08-12,2027-06-23,735,1759.6871,GBP,SELL,MOCK_TRADING_ENGINE,2026-08-12T10:49:11.176000+00:00
96335819-1614-4047-84ff-b814413f8913,TRD-9275B79276FC,1,CP_FUND_A,AAPL,2026-08-12,2027-07-29,1205,574.1588,EUR,BUY,MOCK_TRADING_ENGINE,2026-08-12T10:49:11.177000+00:00
bc06d707-84e7-4e2f-a95a-6d4ac7d466c2,TRD-DAB381D9058B,1,CP_BANK_A,EURUSD,2026-08-12,2027-06-15,565,1055.5364,GBP,BUY,MOCK_TRADING_ENGINE,2026-08-12T10:49:11.178000+00:00
c732179d-79a0-4ed2-8ce2-6c43a692bac9,TRD-CBACE76DE7DA,1,CP_FUND_A,GBPUSD,2026-08-12,2027-03-04,4205,1756.5699,EUR,SELL,MOCK_TRADING_ENGINE,2026-08-12T10:49:11.179000+00:00
e25583bc-0fd6-499a-90f0-f5e08e90a72a,TRD-B13B3BEAE3DF,1,CP_BANK_A,USDJPY,2026-08-12,2027-01-07,9059,2341.0743,USD,SELL,MOCK_TRADING_ENGINE,2026-08-12T10:49:11.180000+00:00
a0c07267-c606-4e14-aa9f-1f8e4ce24ce5,TRD-26313E919E2E,1,CP_CORP_A,US10Y,2026-08-12,2026-08-28,563,456.4163,GBP,SELL,MOCK_TRADING_ENGINE,2026-08-12T10:49:11.181000+00:00
4262b764-1bc9-40d9-ba9b-0f86c9a51cf7,TRD-DBA4465D7512,1,CP_CORP_A,MSFT,2026-08-12,2027-05-21,258,678.1699,JPY,SELL,MOCK_TRADING_ENGINE,2026-08-12T10:49:11.182000+00:00
1cf47e5c-5219-441e-8069-f9119ab8bf94,TRD-06187BB5A423,1,CP_BANK_A,GBPUSD,2026-08-12,2026-11-29,6820,1548.9478,USD,BUY,MOCK_TRADING_ENGINE,2026-08-12T10:49:11.183000+00:00
7f10bb57-1c69-4804-a512-5a93f53bb732,TRD-BD21EB8ECEE5,1,CP_FUND_A,GBPUSD,2026-08-12,2027-06-20,7026,2185.4989,GBP,SELL,MOCK_TRADING_ENGINE,2026-08-12T10:49:11.184000+00:00
212ba932-16a0-4a21-b708-4da02f4c48fd,TRD-A5961D4D3CDF,1,CP_BANK_A,GBPUSD,2026-08-12,2026-11-21,5699,838.1679,JPY,SELL,MOCK_TRADING_ENGINE,2026-08-12T10:49:11.185000+00:00
874ca496-9ae8-40aa-b7cb-286f04ec2004,TRD-4BA2D2795384,1,CP_BANK_A,USDJPY,2026-08-12,2026-12-27,1252,1697.7626,GBP,BUY,MOCK_TRADING_ENGINE,2026-08-12T10:49:11.186000+00:00
1f1b2dde-c69e-4f23-a02a-3b3c345c2443,TRD-30EBFAE401DE,1,CP_BANK_B,GBPUSD,2026-08-12,2027-01-28,175,1835.4808,USD,BUY,MOCK_TRADING_ENGINE,2026-08-12T10:49:11.187000+00:00
71bfc14f-1f3b-4f67-b3d8-5b8ad1087db4,TRD-2CF870F01B6E,1,CP_FUND_A,AAPL,2026-08-12,2026-10-29,3334,1036.5069,JPY,BUY,MOCK_TRADING_ENGINE,2026-08-12T10:49:11.188000+00:00
bb4ace9b-cfe1-4c59-b221-753e5b4f53b0,TRD-64212CC8A2E3,1,CP_BANK_A,MSFT,2026-08-12,2027-04-16,689,2437.7938,GBP,BUY,MOCK_TRADING_ENGINE,2026-08-12T10:49:11.189000+00:00
7fe18357-56fb-406d-919d-e02c226ff896,TRD-F709B3B6B51E,1,CP_FUND_A,GBPUSD,2026-08-12,2027-02-14,2852,2447.0599,GBP,SELL,MOCK_TRADING_ENGINE,2026-08-12T10:49:11.190000+00:00
3da0ecd6-7189-4fcc-a4b1-5cf6311e8fc5,TRD-CE1F38ED5632,1,CP_BANK_B,US10Y,2026-08-12,2026-11-29,9907,939.4583,USD,SELL,MOCK_TRADING_ENGINE,2026-08-12T10:49:11.191000+00:00
5fa23110-d1c2-4819-904f-9d124645aca3,TRD-6E2F4C6D5655,1,CP_BANK_A,USDJPY,2026-08-12,2026-08-18,5650,1648.7608,GBP,BUY,MOCK_TRADING_ENGINE,2026-08-12T10:49:11.192000+00:00
cf079591-325b-46ff-870c-50a48a761105,TRD-25751E160474,1,CP_BANK_A,USDJPY,2026-08-12,2026-09-05,8047,684.5541,GBP,BUY,MOCK_TRADING_ENGINE,2026-08-12T10:49:11.193000+00:00
63cacfb0-9acc-46bf-a7fd-87225564388f,TRD-8AFE2C9CE26A,1,CP_FUND_A,MSFT,2026-08-12,2027-08-10,6437,249.5536,JPY,BUY,MOCK_TRADING_ENGINE,2026-08-12T10:49:11.194000+00:00
80cbc7b4-891f-445b-adac-997551d5a887,TRD-16DEA02BD0CB,1,CP_CORP_A,EURUSD,2026-08-12,2026-12-10,2016,2404.4431,USD,SELL,MOCK_TRADING_ENGINE,2026-08-12T10:49:11.195000+00:00
1c05beb0-3886-446a-881a-777f112ff338,TRD-4A8411C0CDBE,1,CP_BANK_A,US10Y,2026-08-12,2026-09-05,6817,2077.1683,JPY,BUY,MOCK_TRADING_ENGINE,2026-08-12T10:49:11.196000+00:00
53366c19-7584-4457-adc7-3edc417a870a,TRD-3941C45FBB6C,1,CP_BANK_B,MSFT,2026-08-12,2026-10-28,4581,2222.6879,USD,BUY,MOCK_TRADING_ENGINE,2026-08-12T10:49:11.197000+00:00
7734e453-42e3-4819-97c5-96b6f0b972d2,TRD-2D21EDFEB18F,1,CP_BANK_A,US10Y,2026-08-12,2026-10-26,5840,2164.374,JPY,SELL,MOCK_TRADING_ENGINE,2026-08-12T10:49:11.198000+00:00
8f43de83-cc87-4021-bb08-ac059cc1919b,TRD-C6C4830E79D8,1,CP_FUND_A,USDJPY,2026-08-12,2027-03-21,4185,643.3659,EUR,BUY,MOCK_TRADING_ENGINE,2026-08-12T10:49:11.199000+00:00
177b8dc4-2737-41f9-a5d4-4a5b2c660193,TRD-6459C10EAE60,1,CP_FUND_A,EURUSD,2026-08-12,2027-06-21,6131,2080.5012,EUR,SELL,MOCK_TRADING_ENGINE,2026-08-12T10:49:11.200000+00:00
acf14fba-f070-43ce-88de-5e6eacd5698a,TRD-26CB5A6E9D43,1,CP_CORP_A,GBPUSD,2026-08-12,2026-10-12,6400,1520.3073,JPY,BUY,MOCK_TRADING_ENGINE,2026-08-12T10:49:11.201000+00:00
d470e9cd-442d-456f-bd67-07a195d501b9,TRD-0828BDCB40A4,1,CP_FUND_A,AAPL,2026-08-12,2027-04-13,4105,233.3425,JPY,SELL,MOCK_TRADING_ENGINE,2026-08-12T10:49:11.202000+00:00
0e28d351-e2f9-4c7a-aff7-25e951479f0f,TRD-275A513A46BB,1,CP_BANK_B,US10Y,2026-08-12,2026-11-15,394,641.5897,GBP,SELL,MOCK_TRADING_ENGINE,2026-08-12T10:49:11.203000+00:00
e695af3a-c52f-492d-969d-cf5ca58bd39d,TRD-AA9293A25CED,1,CP_FUND_A,USDJPY,2026-08-12,2026-12-17,8028,587.7389,USD,BUY,MOCK_TRADING_ENGINE,2026-08-12T10:49:11.204000+00:00
178d5f9d-f85b-4240-a628-4e52018e888a,TRD-4513309B728B,1,CP_BANK_A,USDJPY,2026-08-12,2026-07-24,9103,2252.6784,GBP,BUY,MOCK_TRADING_ENGINE,2026-08-12T10:49:11.205000+00:00
d1eb107e-d0cc-41e4-873c-ec756069820d,TRD-9A5CD89A84E2,1,CP_CORP_A,AAPL,2026-08-12,2027-05-12,130,2476.0999,USD,SELL,MOCK_TRADING_ENGINE,2026-08-12T10:49:11.206000+00:00
8a89ead6-ae22-455f-9db3-e8e85410cc8e,TRD-03B7EF163790,1,CP_FUND_A,AAPL,2026-08-12,2026-09-29,3082,1284.4399,JPY,SELL,MOCK_TRADING_ENGINE,2026-08-12T10:49:11.207000+00:00
687bc5fe-faef-4128-ab43-8ed20d510c14,TRD-50B970E4A6D7,1,CP_BANK_A,USDJPY,2026-08-12,2026-10-11,7785,2439.1502,JPY,SELL,MOCK_TRADING_ENGINE,2026-08-12T10:49:11.208000+00:00
5fe34a9c-a004-44af-88bf-2c1ab7d4382b,TRD-20DC0D5F4764,1,CP_BANK_A,GBPUSD,2026-08-12,2027-02-28,8043,1903.8008,EUR,BUY,MOCK_TRADING_ENGINE,2026-08-12T10:49:11.209000+00:00
6d69c39f-a9b8-4351-abea-ecce243967e3,TRD-42CC77D39D43,1,CP_BANK_A,EURUSD,2026-08-12,2026-12-29,6758,427.945,JPY,SELL,MOCK_TRADING_ENGINE,2026-08-12T10:49:11.210000+00:00
93db74c0-49bb-4c35-b128-72499a854b96,TRD-C92FB9C5D178,1,CP_BANK_A,GBPUSD,2026-08-12,2026-11-26,9392,741.4068,EUR,BUY,MOCK_TRADING_ENGINE,2026-08-12T10:49:11.211000+00:00
6ab24701-576a-4da6-aefa-44441b7876ce,TRD-6106EDD2B7F0,1,CP_FUND_A,USDJPY,2026-08-12,2027-06-10,7906,1338.3976,USD,SELL,MOCK_TRADING_ENGINE,2026-08-12T10:49:11.212000+00:00
1a1112a2-7b4d-48c6-bceb-0829c0c68a91,TRD-6751AE0C3585,1,CP_FUND_A,MSFT,2026-08-12,2026-08-20,7096,2422.8477,USD,BUY,MOCK_TRADING_ENGINE,2026-08-12T10:49:11.213000+00:00
efca58a8-5e14-4e09-ac44-54f3550a7e30,TRD-D3B4F5AB9E04,1,CP_BANK_B,MSFT,2026-08-12,2026-09-10,4175,1761.9765,GBP,BUY,MOCK_TRADING_ENGINE,2026-08-12T10:49:11.214000+00:00
14c6ea37-55d3-476a-a6b1-da499228a5bb,TRD-05EBDD9FF332,1,CP_CORP_A,US10Y,2026-08-12,2026-12-10,7460,2459.3096,USD,BUY,MOCK_TRADING_ENGINE,2026-08-12T10:49:11.215000+00:00
7d87564d-ce93-4d34-9215-38829bae0a92,TRD-BD21EB8ECEE5,0,CP_BANK_B,AAPL,2026-08-12,2027-03-01,1029,1622.6656,JPY,BUY,MOCK_TRADING_ENGINE,2026-08-12T10:49:11.216000+00:00
fd0454c9-7d1f-4a45-9372-c1321283df70,TRD-49CEFAD15FAD,1,CP_BANK_B,AAPL,2026-08-12,2026-09-01,5628,626.3154,EUR,SELL,MOCK_TRADING_ENGINE,2026-08-12T10:49:11.217000+00:00
02b96c70-0bf5-458d-be46-e9193113a286,TRD-19CDAA4344CA,1,CP_CORP_A,AAPL,2026-08-12,2026-10-20,587,1452.5866,GBP,SELL,MOCK_TRADING_ENGINE,2026-08-12T10:49:11.218000+00:00
340409ed-5642-47a5-ab91-ac603ad74575,TRD-4D6C1567423C,1,CP_BANK_A,USDJPY,2026-08-12,2026-11-05,1303,745.4387,EUR,SELL,MOCK_TRADING_ENGINE,2026-08-12T10:49:11.219000+00:00
ceb7700c-ec35-4b4f-a2c5-5ed554d569e3,TRD-966A69E4BB29,1,CP_BANK_A,GBPUSD,2026-08-12,2026-08-31,3032,1485.2747,JPY,SELL,MOCK_TRADING_ENGINE,2026-08-12T10:49:11.220000+00:00
3217160b-8ac7-4c6c-81b5-934440bc9839,TRD-95905DD1677B,1,CP_CORP_A,US10Y,2026-08-12,2027-07-27,8393,1309.2202,EUR,BUY,MOCK_TRADING_ENGINE,2026-08-12T10:49:11.221000+00:00
72f0b1dc-4e3f-4b93-a87c-668146e05b8c,TRD-7CCB5E98A028,1,CP_BANK_A,USDJPY,2026-08-12,2027-08-07,7214,1915.6268,USD,SELL,MOCK_TRADING_ENGINE,2026-08-12T10:49:11.222000+00:00
4516f1f7-3372-49b0-9270-7a9fca79df7f,TRD-2EFFB0CE0371,1,CP_BANK_B,USDJPY,2026-08-12,2027-03-11,226,1898.8247,USD,SELL,MOCK_TRADING_ENGINE,2026-08-12T10:49:11.223000+00:00
b84d1528-5d0e-4e67-91cd-cb347344170f,TRD-0319F6555265,1,CP_BANK_B,MSFT,2026-08-12,2026-12-23,7813,1242.9101,JPY,SELL,MOCK_TRADING_ENGINE,2026-08-12T10:49:11.224000+00:00
bb98a476-7afa-4d8d-a4db-8323db79cff8,TRD-540D83F0E624,1,CP_BANK_A,US10Y,2026-08-12,2027-07-01,7056,1290.4653,USD,SELL,MOCK_TRADING_ENGINE,2026-08-12T10:49:11.225000+00:00
cfcc46eb-46aa-44f3-8710-ddceaa8036ab,TRD-C895DBF92B9A,1,CP_FUND_A,MSFT,2026-08-12,2027-07-06,4216,685.2165,USD,SELL,MOCK_TRADING_ENGINE,2026-08-12T10:49:11.226000+00:00
e8c86fae-0242-40f6-b7f4-51e4b46160e0,TRD-0DF114742B3F,1,CP_FUND_A,EURUSD,2026-08-12,2026-10-09,2119,1897.2632,EUR,BUY,MOCK_TRADING_ENGINE,2026-08-12T10:49:11.227000+00:00
f726fc14-a09e-425a-9e78-6689e4c2d34a,TRD-D227F99A846F,1,CP_FUND_A,GBPUSD,2026-08-12,2027-04-27,6155,1161.7498,GBP,SELL,MOCK_TRADING_ENGINE,2026-08-12T10:49:11.228000+00:00
ca46047e-06c7-4869-a93c-fa2712fd5d1b,TRD-9275B79276FC,1,CP_CORP_A,USDJPY,2026-08-12,2026-11-12,5248,2385.9258,JPY,SELL,MOCK_TRADING_ENGINE,2026-08-12T10:49:11.229000+00:00
3a0f71d3-1b21-435e-b877-1dbadfc03bb4,TRD-3E888B89DB6D,1,CP_BANK_B,AAPL,2026-08-12,2027-02-03,3792,966.6071,EUR,SELL,MOCK_TRADING_ENGINE,2026-08-12T10:49:11.230000+00:00
a4593f65-93ec-4abe-8a9f-6ab1254ddc5c,TRD-DD93764607D6,1,CP_BANK_B,AAPL,2026-08-12,2026-11-03,6723,1591.3543,GBP,BUY,MOCK_TRADING_ENGINE,2026-08-12T10:49:11.231000+00:00
20b06855-4a2b-44c7-9656-5fbb438a1416,TRD-F6A85500D545,1,CP_FUND_A,MSFT,2026-08-12,2027-03-12,4191,1845.6451,JPY,BUY,MOCK_TRADING_ENGINE,2026-08-12T10:49:11.232000+00:00
d310fd43-93ec-4e93-96ef-c2a113903ab1,TRD-26313E919E2E,0,CP_BANK_B,GBPUSD,2026-08-12,2026-10-22,106,870.8027,GBP,BUY,MOCK_TRADING_ENGINE,2026-08-12T10:49:11.233000+00:00
e2f9fb9d-8f12-466c-9477-3fe00bc6667b,TRD-4D1F38BA0E08,1,CP_BANK_B,AAPL,2026-08-12,2026-10-20,200,1707.0482,JPY,SELL,MOCK_TRADING_ENGINE,2026-08-12T10:49:11.234000+00:00
7010dd83-add2-466c-8920-85dec532c49d,TRD-A595D9FB7902,1,CP_CORP_A,GBPUSD,2026-08-12,2026-09-20,1718,1646.4465,EUR,SELL,MOCK_TRADING_ENGINE,2026-08-12T10:49:11.235000+00:00
7af53e6b-b5e0-435f-8052-9301261af868,TRD-9522E1421D92,1,CP_FUND_A,AAPL,2026-08-12,2026-09-30,6774,2082.9447,JPY,SELL,MOCK_TRADING_ENGINE,2026-08-12T10:49:11.236000+00:00
eec5a56a-cea1-4f8d-8056-833112547d42,TRD-A05FE88DA3A1,1,CP_BANK_A,US10Y,2026-08-12,2027-07-08,4342,1188.5803,EUR,BUY,MOCK_TRADING_ENGINE,2026-08-12T10:49:11.237000+00:00
dad891b2-1b32-4364-8794-f9341f6861f1,TRD-0DFAAEFC1E08,1,CP_BANK_B,GBPUSD,2026-08-12,2027-04-04,6311,25.718,JPY,BUY,MOCK_TRADING_ENGINE,2026-08-12T10:49:11.238000+00:00
8a970f24-ca57-4545-bce6-e09a2bca4df7,TRD-AF6E9F480015,1,CP_FUND_A,US10Y,2026-08-12,2026-11-24,3261,805.3563,USD,BUY,MOCK_TRADING_ENGINE,2026-08-12T10:49:11.239000+00:00
0199ea21-fa7c-4ebb-b448-c1dfb58b4b7b,TRD-D8C88A30E7E3,1,CP_CORP_A,USDJPY,2026-08-12,2027-07-15,9548,2381.4182,USD,BUY,MOCK_TRADING_ENGINE,2026-08-12T10:49:11.240000+00:00
2115ee3f-1205-457d-b012-a44db3359d40,TRD-44C90A3CAAB3,1,CP_BANK_B,USDJPY,2026-08-12,2027-05-07,7856,2301.1346,EUR,BUY,MOCK_TRADING_ENGINE,2026-08-12T10:49:11.241000+00:00
d41a6eb2-08fa-4e22-836e-29c40e64eef5,TRD-FCCA18225E87,1,CP_CORP_A,EURUSD,2026-08-12,2027-06-29,9742,2210.8638,USD,BUY,MOCK_TRADING_ENGINE,2026-08-12T10:49:11.242000+00:00
a3302a87-8be5-4c04-b0d0-362572a038f7,TRD-819617625CF8,1,CP_CORP_A,MSFT,2026-08-12,2027-04-19,4110,1739.8598,USD,SELL,MOCK_TRADING_ENGINE,2026-08-12T10:49:11.243000+00:00
4735f5b2-e971-4a18-8a2a-89019282e4fe,TRD-3941C45FBB6C,0,CP_BANK_A,USDJPY,2026-08-12,2027-05-31,8979,696.7094,GBP,SELL,MOCK_TRADING_ENGINE,2026-08-12T10:49:11.244000+00:00
0bc165d1-4835-472a-9cd7-9240baba8922,TRD-8F0AEE6997E8,1,CP_FUND_A,US10Y,2026-08-12,2027-03-07,7448,1148.2139,USD,SELL,MOCK_TRADING_ENGINE,2026-08-12T10:49:11.245000+00:00
1080e99f-565f-4f6f-b86e-7b6103483401,TRD-0926BEF8B977,1,CP_CORP_A,GBPUSD,2026-08-12,2026-11-22,1668,1156.2047,GBP,BUY,MOCK_TRADING_ENGINE,2026-08-12T10:49:11.246000+00:00
e5615936-0029-4c22-971d-468d75d4d6fc,TRD-AF3AA1D720E0,1,CP_CORP_A,USDJPY,2026-08-12,2026-09-22,501,136.7783,JPY,BUY,MOCK_TRADING_ENGINE,2026-08-12T10:49:11.247000+00:00
7f0da6e3-5782-4cae-b47c-9c47859c91db,TRD-2F33C36DE756,1,CP_FUND_A,MSFT,2026-08-12,2026-09-13,8578,669.9781,JPY,BUY,MOCK_TRADING_ENGINE,2026-08-12T10:49:11.248000+00:00
50d6fc35-7f5d-447b-88d6-3a773e00db98,TRD-95905DD1677B,1,CP_FUND_A,GBPUSD,2026-08-12,2027-03-25,2659,1964.2738,JPY,SELL,MOCK_TRADING_ENGINE,2026-08-12T10:49:11.249000+00:00
e1efc95a-b035-43b8-af20-2685b22f9297,TRD-B314CA0B98E1,1,CP_BANK_A,USDJPY,2026-08-12,2026-12-24,9001,2267.8139,USD,SELL,MOCK_TRADING_ENGINE,2026-08-12T10:49:11.250000+00:00
d84553bb-b232-445e-ab60-822167766e8c,TRD-3ABC09850E03,1,CP_CORP_A,USDJPY,2026-08-12,2027-04-30,5969,303.8304,USD,BUY,MOCK_TRADING_ENGINE,2026-08-12T10:49:11.251000+00:00
c636fa74-08e6-40b8-a003-d27edd8ab709,TRD-9DE530CD9CAB,1,CP_FUND_A,US10Y,2026-08-12,2027-05-12,391,2110.0913,EUR,BUY,MOCK_TRADING_ENGINE,2026-08-12T10:49:11.252000+00:00
e2343361-83d2-478a-845f-4631ee43ace1,TRD-8DF8CF798C3A,1,CP_FUND_A,MSFT,2026-08-12,2026-11-25,587,2397.5376,JPY,SELL,MOCK_TRADING_ENGINE,2026-08-12T10:49:11.253000+00:00
59e0969c-5bd1-44c9-a564-11ada9c1a631,TRD-0457F0CCCE4A,1,CP_BANK_A,US10Y,2026-08-12,2026-10-01,6189,2126.5537,GBP,SELL,MOCK_TRADING_ENGINE,2026-08-12T10:49:11.254000+00:00
400a50e3-501a-49f4-a685-d9c82a2b2337,TRD-8EF2FC7B404C,1,CP_FUND_A,US10Y,2026-08-12,2027-06-04,271,1241.6458,USD,SELL,MOCK_TRADING_ENGINE,2026-08-12T10:49:11.255000+00:00
98485164-8ee7-407a-834a-68417bb494fc,TRD-98748A960918,1,CP_FUND_A,GBPUSD,2026-08-12,2026-08-16,3626,1118.8527,JPY,SELL,MOCK_TRADING_ENGINE,2026-08-12T10:49:11.256000+00:00
5153469d-ab98-4838-a6a8-5361636aa9ae,TRD-60A2955C2430,1,CP_FUND_A,EURUSD,2026-08-12,2026-09-03,2822,1417.3161,EUR,BUY,MOCK_TRADING_ENGINE,2026-08-12T10:49:11.257000+00:00
0b3c8e2e-2e98-4d7b-8c6a-ccd8f9070a1d,TRD-350EEB3FCB03,1,CP_FUND_A,US10Y,2026-08-12,2026-07-18,5913,2021.994,GBP,SELL,MOCK_TRADING_ENGINE,2026-08-12T10:49:11.258000+00:00
f4e792e3-4b85-4882-8f73-b3794a02783c,TRD-5AB5C7823A43,1,CP_BANK_A,GBPUSD,2026-08-12,2026-10-10,5620,463.1179,GBP,BUY,MOCK_TRADING_ENGINE,2026-08-12T10:49:11.259000+00:00
9ea91da8-d4fe-41d7-a8d1-1aa6ea113c35,TRD-1F719C74C5F6,1,CP_BANK_B,US10Y,2026-08-12,2027-01-27,3595,1476.9141,JPY,SELL,MOCK_TRADING_ENGINE,2026-08-12T10:49:11.260000+00:00
12b6547a-24df-460a-91b7-109a0031706d,TRD-0CC869A1DCA8,1,CP_BANK_B,AAPL,2026-08-12,2026-12-12,9077,580.8896,GBP,SELL,MOCK_TRADING_ENGINE,2026-08-12T10:49:11.261000+00:00
128c41fc-d53d-465e-8027-ef2663b3e76f,TRD-EFF508102606,1,CP_BANK_A,GBPUSD,2026-08-12,2027-04-18,7249,1323.8276,GBP,SELL,MOCK_TRADING_ENGINE,2026-08-12T10:49:11.262000+00:00
9093beb6-d2b0-46f4-8034-c54b1617fa7e,TRD-687C2964E447,1,CP_BANK_B,EURUSD,2026-08-12,2027-03-05,1280,606.9361,GBP,BUY,MOCK_TRADING_ENGINE,2026-08-12T10:49:11.263000+00:00
bf52079d-d7e9-4142-b3c0-02406391f44d,TRD-F80D22B72FE7,1,CP_BANK_A,US10Y,2026-08-12,2027-02-02,9596,1561.0794,JPY,SELL,MOCK_TRADING_ENGINE,2026-08-12T10:49:11.264000+00:00
140bd7bb-7104-4ccf-9b90-dbe25b4716a5,TRD-1F719C74C5F6,1,CP_CORP_A,EURUSD,2026-08-12,2027-05-07,5029,1747.2808,JPY,SELL,MOCK_TRADING_ENGINE,2026-08-12T10:49:11.265000+00:00
8d10d4af-58d4-4b75-a3b3-95a490d548f1,TRD-2437D3A564BF,1,CP_FUND_A,GBPUSD,2026-08-12,2026-08-22,868,2434.9736,EUR,BUY,MOCK_TRADING_ENGINE,2026-08-12T10:49:11.266000+00:00
0588fd83-0116-45ab-a19d-98e74e75b1a7,TRD-1C4C74DB02A1,1,CP_BANK_A,USDJPY,2026-08-12,2027-01-12,9067,278.7973,USD,BUY,MOCK_TRADING_ENGINE,2026-08-12T10:49:11.267000+00:00
997d5c44-cbc9-4275-a1b9-626b1bfa6a88,TRD-F7F95CB72AA9,1,CP_FUND_A,EURUSD,2026-08-12,2026-09-07,4821,1133.4754,EUR,BUY,MOCK_TRADING_ENGINE,2026-08-12T10:49:11.268000+00:00
7fc37326-2a0e-4539-add0-ccf6875d0f93,TRD-FA7C59B8F4EA,1,CP_FUND_A,US10Y,2026-08-12,2027-06-25,3774,978.9191,USD,SELL,MOCK_TRADING_ENGINE,2026-08-12T10:49:11.269000+00:00
22ce1406-de96-4333-b251-888edd63bd48,TRD-8F0AEE6997E8,0,CP_BANK_A,US10Y,2026-08-12,2026-11-17,6013,1288.8043,EUR,BUY,MOCK_TRADING_ENGINE,2026-08-12T10:49:11.270000+00:00
98f1f5e3-6fab-46cf-b347-7d0bf442f7ab,TRD-A8D11DCFCD10,1,CP_CORP_A,US10Y,2026-08-12,2027-04-09,646,2480.949,GBP,BUY,MOCK_TRADING_ENGINE,2026-08-12T10:49:11.271000+00:00
20579d58-7f94-48ef-b418-944f72296cb5,TRD-4D1F38BA0E08,0,CP_FUND_A,GBPUSD,2026-08-12,2026-10-07,358,634.9372,GBP,SELL,MOCK_TRADING_ENGINE,2026-08-12T10:49:11.272000+00:00
6bb7c55e-9e9e-47a9-8e73-8c3d29062dff,TRD-6EE96EFB553B,1,CP_BANK_A,GBPUSD,2026-08-12,2026-11-17,6197,1715.791,GBP,SELL,MOCK_TRADING_ENGINE,2026-08-12T10:49:11.273000+00:00
9eefd370-9209-433e-899e-1855ac1b962d,TRD-941F84D38D73,1,CP_BANK_A,AAPL,2026-08-12,2027-04-22,9461,2314.2332,USD,SELL,MOCK_TRADING_ENGINE,2026-08-12T10:49:11.274000+00:00
283bb7eb-668c-4386-bf9f-70322886abab,TRD-9DEA66AD8525,1,CP_CORP_A,MSFT,2026-08-12,2026-10-13,5901,2236.3856,JPY,BUY,MOCK_TRADING_ENGINE,2026-08-12T10:49:11.275000+00:00
a09c6489-6ca5-4404-9e39-8e6c89d60a60,TRD-171727E1C5A8,1,CP_BANK_B,EURUSD,2026-08-12,2027-07-09,35,393.2869,EUR,SELL,MOCK_TRADING_ENGINE,2026-08-12T10:49:11.276000+00:00
83fdb0e8-16a6-44bb-b8b1-95202273acde,TRD-AAA468E46233,1,CP_FUND_A,AAPL,2026-08-12,2026-11-26,7635,2418.8749,USD,SELL,MOCK_TRADING_ENGINE,2026-08-12T10:49:11.277000+00:00
4e0309b5-a416-4931-9695-0c7b7f5def05,TRD-5DEB73B6F832,1,CP_BANK_A,US10Y,2026-08-12,2026-12-25,3783,1727.0633,GBP,BUY,MOCK_TRADING_ENGINE,2026-08-12T10:49:11.278000+00:00
6ea80dbc-68b9-4b5e-a8d1-b20258838564,TRD-C6DB08413D66,1,CP_BANK_B,US10Y,2026-08-12,2027-01-31,6836,98.1027,USD,SELL,MOCK_TRADING_ENGINE,2026-08-12T10:49:11.279000+00:00
1f190ad8-5dc3-4ff3-9c90-07a367f54a46,TRD-93C6A21CADE6,1,CP_FUND_A,AAPL,2026-08-12,2027-07-06,3960,1079.5296,GBP,BUY,MOCK_TRADING_ENGINE,2026-08-12T10:49:11.280000+00:00
cac73bf8-f0a8-4789-b8e6-83117a28fe89,TRD-A5A8D1666597,1,CP_FUND_A,US10Y,2026-08-12,2027-04-10,590,767.0883,JPY,BUY,MOCK_TRADING_ENGINE,2026-08-12T10:49:11.281000+00:00
4794c00d-da87-4769-9249-6af55e1f68e7,TRD-D26E19E082BD,1,CP_CORP_A,US10Y,2026-08-12,2027-03-12,2421,2378.3569,JPY,SELL,MOCK_TRADING_ENGINE,2026-08-12T10:49:11.282000+00:00
be77227e-50b4-4abc-86a6-803288145490,TRD-20562E4F1814,0,CP_BANK_B,USDJPY,2026-08-12,2027-07-03,3474,651.6007,EUR,BUY,MOCK_TRADING_ENGINE,2026-08-12T10:49:11.283000+00:00
7ce7bc6b-0cec-4609-8617-356396beab70,TRD-16F96D0E696F,1,CP_BANK_B,EURUSD,2026-08-12,2026-10-25,8534,1590.5123,USD,BUY,MOCK_TRADING_ENGINE,2026-08-12T10:49:11.284000+00:00
9fa1d68f-cf29-4047-a7e7-aac6209a6e0c,TRD-5FF18F7AA2F4,1,CP_BANK_A,MSFT,2026-08-12,2026-08-07,8479,2390.0862,JPY,SELL,MOCK_TRADING_ENGINE,2026-08-12T10:49:11.285000+00:00
3e15f0b5-53e3-4b63-9341-a292db36c56c,TRD-E5E5259E774C,1,CP_BANK_B,US10Y,2026-08-12,2027-06-11,372,2141.6522,USD,BUY,MOCK_TRADING_ENGINE,2026-08-12T10:49:11.286000+00:00
185570a7-1645-4560-94f0-73ba854edcd2,TRD-323014DD3836,1,CP_BANK_B,AAPL,2026-08-12,2026-11-15,1042,2005.8862,EUR,BUY,MOCK_TRADING_ENGINE,2026-08-12T10:49:11.287000+00:00
54c7a20b-1f7f-4a0c-9cb1-fe938cb0f68b,TRD-E0C7D6D34099,0,CP_FUND_A,US10Y,2026-08-12,2026-08-30,1130,1597.695,USD,SELL,MOCK_TRADING_ENGINE,2026-08-12T10:49:11.288000+00:00
a0031c3b-f7be-4961-a9b2-1e0b12c1ff4c,TRD-8B390823D9DE,1,CP_BANK_B,GBPUSD,2026-08-12,2027-07-30,8961,2356.8279,EUR,BUY,MOCK_TRADING_ENGINE,2026-08-12T10:49:11.289000+00:00
d4799e13-8ffc-43aa-a050-d9ee0fe514e7,TRD-C6D4B155B157,1,CP_FUND_A,GBPUSD,2026-08-12,2026-10-04,976,169.9229,EUR,BUY,MOCK_TRADING_ENGINE,2026-08-12T10:49:11.290000+00:00
6e9ed482-bdba-4a8e-af19-4814586f6c60,TRD-EC77EB09265A,1,CP_BANK_A,MSFT,2026-08-12,2026-11-09,9057,502.5986,JPY,SELL,MOCK_TRADING_ENGINE,2026-08-12T10:49:11.291000+00:00
66aac26d-6102-4c68-a0d3-2d6c1250bac9,TRD-9A15293440F5,1,CP_BANK_B,AAPL,2026-08-12,2026-09-19,1441,532.4468,EUR,SELL,MOCK_TRADING_ENGINE,2026-08-12T10:49:11.292000+00:00
bb5fb4f5-9f78-4a60-86e2-17ef06d815bb,TRD-F0DA81806379,1,CP_BANK_A,EURUSD,2026-08-12,2027-05-21,2421,2459.1101,GBP,BUY,MOCK_TRADING_ENGINE,2026-08-12T10:49:11.293000+00:00
2c00bb83-f242-49e0-8954-487903153a75,TRD-B4812BF9415F,1,CP_BANK_A,US10Y,2026-08-12,2027-02-08,8974,2015.3019,USD,SELL,MOCK_TRADING_ENGINE,2026-08-12T10:49:11.294000+00:00
438008b4-4974-4c7a-a1e9-029bb64c3f42,TRD-008F30D422CC,1,CP_FUND_A,MSFT,2026-08-12,2027-02-19,9687,207.5564,EUR,BUY,MOCK_TRADING_ENGINE,2026-08-12T10:49:11.295000+00:00
ac8f9ca9-aea5-4b29-9bea-6647ec5f15b8,TRD-CE90514FAE9E,1,CP_FUND_A,USDJPY,2026-08-12,2026-09-14,5909,2326.4274,USD,SELL,MOCK_TRADING_ENGINE,2026-08-12T10:49:11.296000+00:00
1291147b-cdc3-43b2-91e9-fbb7467a3766,TRD-A022D47A0215,1,CP_BANK_A,MSFT,2026-08-12,2027-03-25,102,2472.6263,USD,BUY,MOCK_TRADING_ENGINE,2026-08-12T10:49:11.297000+00:00
bdaeefdc-5c82-4e0f-bae8-d12e3376e643,TRD-E8603141A667,1,CP_CORP_A,AAPL,2026-08-12,2026-08-31,1072,2403.8189,EUR,BUY,MOCK_TRADING_ENGINE,2026-08-12T10:49:11.298000+00:00
436036f7-5b7f-4ab6-b75b-79bb47ca6189,TRD-2BE9B1960681,1,CP_CORP_A,EURUSD,2026-08-12,2027-04-24,6886,738.6051,GBP,SELL,MOCK_TRADING_ENGINE,2026-08-12T10:49:11.299000+00:00
5efecf5d-33d2-4cb3-818d-42ba347c7c3e,TRD-29C47856E1F6,1,CP_FUND_A,EURUSD,2026-08-12,2026-09-13,5593,195.6753,EUR,SELL,MOCK_TRADING_ENGINE,2026-08-12T10:49:11.300000+00:00
40d7c190-a47e-4716-bfbe-7acf143e3ea3,TRD-AE1070411227,1,CP_CORP_A,AAPL,2026-08-12,2026-09-02,3739,1033.557,JPY,BUY,MOCK_TRADING_ENGINE,2026-08-12T10:49:11.301000+00:00
6804f907-7260-46fe-9e79-68bac8f3ef88,TRD-8AC257EDB527,1,CP_FUND_A,US10Y,2026-08-12,2027-08-12,61,2385.1762,GBP,BUY,MOCK_TRADING_ENGINE,2026-08-12T10:49:11.302000+00:00
744ebfa0-ae27-433d-8cd9-c910cf606637,TRD-56FDE8885EE8,1,CP_CORP_A,GBPUSD,2026-08-12,2027-02-08,7182,2092.4422,GBP,BUY,MOCK_TRADING_ENGINE,2026-08-12T10:49:11.303000+00:00
d8387484-cbf8-4192-b496-bb0d7121381f,TRD-C74236613C54,1,CP_FUND_A,USDJPY,2026-08-12,2027-02-28,8561,1346.6523,JPY,SELL,MOCK_TRADING_ENGINE,2026-08-12T10:49:11.304000+00:00
139d0c1a-943d-4314-ad21-0960b036a526,TRD-07A4951DC4B5,1,CP_BANK_A,USDJPY,2026-08-12,2027-03-14,3631,1739.7086,USD,BUY,MOCK_TRADING_ENGINE,2026-08-12T10:49:11.305000+00:00
f4d68daa-7f36-49bf-9408-3c02a2a497cd,TRD-C755249635B8,1,CP_CORP_A,MSFT,2026-08-12,2026-12-01,6350,1290.6733,EUR,SELL,MOCK_TRADING_ENGINE,2026-08-12T10:49:11.306000+00:00
218a6bbb-516b-4901-bf29-44e131c04fa7,TRD-9AEE8484D8BE,1,CP_BANK_A,GBPUSD,2026-08-12,2026-11-07,894,906.237,GBP,BUY,MOCK_TRADING_ENGINE,2026-08-12T10:49:11.307000+00:00
464ab5d6-9d47-4e23-9bfd-5314dadbd521,TRD-1E389ABEF974,1,CP_BANK_A,USDJPY,2026-08-12,2026-11-22,5029,2404.3699,JPY,BUY,MOCK_TRADING_ENGINE,2026-08-12T10:49:11.308000+00:00
b57b19ad-4374-4d15-bedb-604838f6d440,TRD-0265563EF239,1,CP_BANK_A,AAPL,2026-08-12,2027-04-06,969,773.3734,USD,SELL,MOCK_TRADING_ENGINE,2026-08-12T10:49:11.309000+00:00
b47cda01-0a46-46da-8cfc-c3ff7653d693,TRD-780C20E38022,1,CP_BANK_B,MSFT,2026-08-12,2026-09-08,6161,979.6909,EUR,BUY,MOCK_TRADING_ENGINE,2026-08-12T10:49:11.310000+00:00
98b697c4-0290-4ab1-9c1b-3ee849d0c9ec,TRD-C76F1085F84A,1,CP_CORP_A,GBPUSD,2026-08-12,2026-07-31,6889,741.4086,JPY,SELL,MOCK_TRADING_ENGINE,2026-08-12T10:49:11.311000+00:00
eda11d07-0f08-4c1f-8443-061db3b5b11a,TRD-FEB4CAD6EFBB,1,CP_CORP_A,US10Y,2026-08-12,2026-12-30,7999,259.306,JPY,SELL,MOCK_TRADING_ENGINE,2026-08-12T10:49:11.312000+00:00
aacece32-05b8-4e8e-bb51-97e9257346ee,TRD-22EC4C93E9B3,1,CP_FUND_A,USDJPY,2026-08-12,2026-11-17,5599,64.034,USD,BUY,MOCK_TRADING_ENGINE,2026-08-12T10:49:11.313000+00:00
2c7a1e9e-352a-44b0-94d7-4385558d7ac3,TRD-7905B0D4E604,1,CP_FUND_A,USDJPY,2026-08-12,2027-01-06,7057,1011.5816,JPY,BUY,MOCK_TRADING_ENGINE,2026-08-12T10:49:11.314000+00:00
307a3578-4d15-4dbb-bbc1-6ba1210508f7,TRD-8CE537336956,1,CP_FUND_A,EURUSD,2026-08-12,2027-02-18,4743,1651.3878,JPY,BUY,MOCK_TRADING_ENGINE,2026-08-12T10:49:11.315000+00:00
b409533a-5b8d-4996-923e-e4e3a0a1e8f2,TRD-584AD432E91C,1,CP_FUND_A,EURUSD,2026-08-12,2027-04-27,6296,2448.0897,JPY,BUY,MOCK_TRADING_ENGINE,2026-08-12T10:49:11.316000+00:00
5830d432-a341-4cb0-902b-83d0f57bfc30,TRD-EB26B4ED61C6,1,CP_FUND_A,GBPUSD,2026-08-12,2027-01-06,7367,233.157,EUR,SELL,MOCK_TRADING_ENGINE,2026-08-12T10:49:11.317000+00:00
035a825f-0825-41ef-b920-703857173069,TRD-B263BACE7084,1,CP_CORP_A,MSFT,2026-08-12,2027-03-10,4751,1209.5514,USD,SELL,MOCK_TRADING_ENGINE,2026-08-12T10:49:11.318000+00:00
5d688c0d-bff4-4e49-af09-0be89e7d50ad,TRD-DB840E32E637,1,CP_BANK_A,EURUSD,2026-08-12,2026-08-02,6534,2387.9407,EUR,SELL,MOCK_TRADING_ENGINE,2026-08-12T10:49:11.319000+00:00
2f45a8f5-8b47-440f-b106-0259c0df2271,TRD-923F8B467929,1,CP_BANK_B,AAPL,2026-08-12,2027-01-30,6187,2243.9588,EUR,SELL,MOCK_TRADING_ENGINE,2026-08-12T10:49:11.320000+00:00
57145803-4a41-4268-a552-8f915722dd71,TRD-4BA04AE21935,1,CP_BANK_A,MSFT,2026-08-12,2027-04-25,1054,409.6615,JPY,SELL,MOCK_TRADING_ENGINE,2026-08-12T10:49:11.321000+00:00
f9931077-efe1-40fe-bb32-dcdb67687277,TRD-95E9F7CCB25E,1,CP_BANK_A,MSFT,2026-08-12,2027-06-29,6774,898.049,GBP,BUY,MOCK_TRADING_ENGINE,2026-08-12T10:49:11.322000+00:00
d5ab132c-1f46-4dbe-8f0f-d19e4c385a16,TRD-4AB5FDB1BF2D,1,CP_CORP_A,US10Y,2026-08-12,2027-07-25,9076,1408.215,JPY,BUY,MOCK_TRADING_ENGINE,2026-08-12T10:49:11.323000+00:00
6ed7e2b7-a410-43bb-a41d-1e68cb90a350,TRD-37763F627447,1,CP_CORP_A,GBPUSD,2026-08-12,2026-09-21,9597,1951.3085,EUR,SELL,MOCK_TRADING_ENGINE,2026-08-12T10:49:11.324000+00:00
5051e736-abc0-4991-8f0e-ff4eea87bc50,TRD-5A1C8E187C2A,1,CP_BANK_A,USDJPY,2026-08-12,2026-08-26,6365,93.0977,EUR,SELL,MOCK_TRADING_ENGINE,2026-08-12T10:49:11.325000+00:00
96b3a01d-5769-4d19-9ae3-39cc24003249,TRD-FD4FD153CE8C,1,CP_FUND_A,US10Y,2026-08-12,2026-08-13,1917,1347.9168,GBP,SELL,MOCK_TRADING_ENGINE,2026-08-12T10:49:11.326000+00:00
1113758f-0d5e-46e7-9801-32747a3e1cd2,TRD-C930C6E822E9,1,CP_BANK_A,AAPL,2026-08-12,2026-08-15,6851,2345.0205,JPY,BUY,MOCK_TRADING_ENGINE,2026-08-12T10:49:11.327000+00:00
2e4bb41b-a1b6-4cce-9dbb-0e8d227f375b,TRD-8A104AC2C76C,1,CP_BANK_A,MSFT,2026-08-12,2027-02-23,6402,2139.5928,USD,SELL,MOCK_TRADING_ENGINE,2026-08-12T10:49:11.328000+00:00
18117092-7cc6-4921-855c-6bbc01324c6f,TRD-39AE14054B4C,1,CP_BANK_A,USDJPY,2026-08-12,2026-09-09,5614,2452.09,EUR,SELL,MOCK_TRADING_ENGINE,2026-08-12T10:49:11.329000+00:00
d62e3646-94a7-4a5d-8159-592f436af868,TRD-40A7B90F3969,1,CP_FUND_A,US10Y,2026-08-12,2027-06-23,4073,1870.3446,GBP,BUY,MOCK_TRADING_ENGINE,2026-08-12T10:49:11.330000+00:00
962333d5-09f0-48b0-9bb2-c5377dee6220,TRD-163D830262D7,0,CP_BANK_A,EURUSD,2026-08-12,2027-06-26,7208,1232.296,USD,BUY,MOCK_TRADING_ENGINE,2026-08-12T10:49:11.331000+00:00
599bf849-1425-474d-8086-e29f1de65ee9,TRD-F7343FFB76A6,1,CP_FUND_A,MSFT,2026-08-12,2026-12-13,8927,1130.7135,EUR,SELL,MOCK_TRADING_ENGINE,2026-08-12T10:49:11.332000+00:00
6d009884-1a07-4370-a0c1-cf49a1c1aedc,TRD-5A5D58627978,1,CP_BANK_A,EURUSD,2026-08-12,2026-08-05,118,2141.3806,JPY,BUY,MOCK_TRADING_ENGINE,2026-08-12T10:49:11.333000+00:00
2a2b4a5b-7af7-4a57-88b1-59c09a1d0589,TRD-896CF964CF58,1,CP_FUND_A,USDJPY,2026-08-12,2027-05-15,9407,2188.2396,EUR,SELL,MOCK_TRADING_ENGINE,2026-08-12T10:49:11.334000+00:00
b6ef1d1a-76d4-4883-9fb3-283f046c5dba,TRD-4F3742D90BDC,1,CP_BANK_A,US10Y,2026-08-12,2026-12-14,1519,1621.0511,JPY,BUY,MOCK_TRADING_ENGINE,2026-08-12T10:49:11.335000+00:00
402a3e92-f7b9-4ac7-8e02-568028dd9cd3,TRD-D3D25D7B8F8B,1,CP_FUND_A,EURUSD,2026-08-12,2027-06-08,7879,433.4445,USD,BUY,MOCK_TRADING_ENGINE,2026-08-12T10:49:11.336000+00:00
41139b19-c22d-4ff8-966e-0472995c73a9,TRD-3E814BCDD7A2,1,CP_FUND_A,US10Y,2026-08-12,2027-02-25,6481,1810.2146,GBP,BUY,MOCK_TRADING_ENGINE,2026-08-12T10:49:11.337000+00:00
7dadede4-ac4d-4a48-b2cc-de2e56cc2b95,TRD-81AC5B366265,1,CP_BANK_B,MSFT,2026-08-12,2027-01-25,4764,442.8701,GBP,SELL,MOCK_TRADING_ENGINE,2026-08-12T10:49:11.338000+00:00
a2674a00-1f5d-4075-8a1e-ba721460a450,TRD-E8C9F234E03C,1,CP_FUND_A,GBPUSD,2026-08-12,2026-10-10,2603,1939.4228,USD,SELL,MOCK_TRADING_ENGINE,2026-08-12T10:49:11.339000+00:00
f24191b8-af78-4255-9b28-60a683c0b6b2,TRD-50B970E4A6D7,0,CP_FUND_A,AAPL,2026-08-12,2027-03-14,2467,1504.8681,JPY,BUY,MOCK_TRADING_ENGINE,2026-08-12T10:49:11.340000+00:00
9452182b-cce3-4663-b6f6-c2216af7904b,TRD-EFBE4651651F,1,CP_FUND_A,US10Y,2026-08-12,2027-05-10,2192,242.1751,USD,BUY,MOCK_TRADING_ENGINE,2026-08-12T10:49:11.341000+00:00
f9a40586-3758-46a7-9639-abfa8502c2e1,TRD-08CE297BC9A0,1,CP_BANK_B,MSFT,2026-08-12,2027-05-14,7742,2221.7909,EUR,BUY,MOCK_TRADING_ENGINE,2026-08-12T10:49:11.342000+00:00
c7fe107f-c298-4c07-9571-f176e61d92b0,TRD-F5F2DE2E6241,1,CP_CORP_A,GBPUSD,2026-08-12,2027-02-27,6245,1326.5902,JPY,BUY,MOCK_TRADING_ENGINE,2026-08-12T10:49:11.343000+00:00
624b86ac-4fab-4429-9cc6-c19f4b36e59f,TRD-1F66C259BCD6,1,CP_CORP_A,USDJPY,2026-08-12,2027-01-28,1800,861.5408,GBP,BUY,MOCK_TRADING_ENGINE,2026-08-12T10:49:11.344000+00:00
d849e1d5-bf99-4f04-bd18-4214e50a16b4,TRD-044D12D2FA26,1,CP_CORP_A,USDJPY,2026-08-12,2027-05-30,5308,1855.7159,GBP,BUY,MOCK_TRADING_ENGINE,2026-08-12T10:49:11.345000+00:00
d5de1184-216a-4557-a5fd-a958fd07ca00,TRD-86B3316BBB12,1,CP_FUND_A,MSFT,2026-08-12,2027-07-10,7139,909.7271,EUR,SELL,MOCK_TRADING_ENGINE,2026-08-12T10:49:11.346000+00:00
a013a2e9-6892-476c-b59c-f613bad03ec0,TRD-FC4AFEDFF8B6,0,CP_BANK_B,MSFT,2026-08-12,2026-08-15,8208,230.7493,JPY,BUY,MOCK_TRADING_ENGINE,2026-08-12T10:49:11.347000+00:00
2de61c55-1a8b-42ab-9827-740fd5440a29,TRD-F7E38BED3B1E,1,CP_BANK_A,MSFT,2026-08-12,2027-04-28,1284,1222.1168,USD,SELL,MOCK_TRADING_ENGINE,2026-08-12T10:49:11.348000+00:00
2d5c64b3-5f4b-4199-93c5-4af356057bbd,TRD-F3F8F5E49311,1,CP_BANK_B,AAPL,2026-08-12,2027-03-23,6709,1452.6181,EUR,BUY,MOCK_TRADING_ENGINE,2026-08-12T10:49:11.349000+00:00
44a2a9d3-3450-41e0-84ab-6aa9444ef2cf,TRD-6AFD72663C53,1,CP_CORP_A,MSFT,2026-08-12,2026-12-09,8255,1868.173,GBP,SELL,MOCK_TRADING_ENGINE,2026-08-12T10:49:11.350000+00:00
61ceac73-3ae2-4b24-ad86-e4e713549dea,TRD-3570644C3EAD,1,CP_FUND_A,EURUSD,2026-08-12,2026-12-13,6835,900.4704,USD,BUY,MOCK_TRADING_ENGINE,2026-08-12T10:49:11.351000+00:00
9214c7fd-9580-4ad4-a3c0-576f309e1b96,TRD-7C4A9229C7DD,1,CP_FUND_A,AAPL,2026-08-12,2027-05-16,970,1296.4989,USD,BUY,MOCK_TRADING_ENGINE,2026-08-12T10:49:11.352000+00:00
22aff5b4-0e6d-4ba2-91ee-027f59ef0b65,TRD-B8CBA52A9B50,1,CP_BANK_A,AAPL,2026-08-12,2026-12-08,4587,604.8936,JPY,BUY,MOCK_TRADING_ENGINE,2026-08-12T10:49:11.353000+00:00
9c03a43d-104a-4e92-a33f-4b3fad64e435,TRD-D7E178A0B499,1,CP_CORP_A,GBPUSD,2026-08-12,2027-08-03,3270,2314.1819,GBP,BUY,MOCK_TRADING_ENGINE,2026-08-12T10:49:11.354000+00:00
d866d5d2-78d8-41de-bb2e-c46f781103d1,TRD-11B407BFC10F,1,CP_CORP_A,AAPL,2026-08-12,2027-04-09,3965,216.4154,EUR,SELL,MOCK_TRADING_ENGINE,2026-08-12T10:49:11.355000+00:00
aa17382b-c48b-4b71-b3bf-98a910ca7990,TRD-6FA2DBF40275,1,CP_FUND_A,USDJPY,2026-08-12,2026-12-31,3704,1020.3482,GBP,BUY,MOCK_TRADING_ENGINE,2026-08-12T10:49:11.356000+00:00
074b7c09-faa1-4f4c-a7ee-bd6144762d9c,TRD-2548294D1C50,1,CP_CORP_A,USDJPY,2026-08-12,2027-02-13,9605,1756.1459,USD,SELL,MOCK_TRADING_ENGINE,2026-08-12T10:49:11.357000+00:00
7b8ce796-7718-4856-bccb-b75e496e4dd9,TRD-6CA9B8BCE939,1,CP_BANK_A,US10Y,2026-08-12,2027-06-03,6031,798.1074,GBP,SELL,MOCK_TRADING_ENGINE,2026-08-12T10:49:11.358000+00:00
6d5ea763-8401-46de-9b60-78c707702314,TRD-95EBC918D082,1,CP_BANK_B,EURUSD,2026-08-12,2026-10-06,4160,82.8089,GBP,BUY,MOCK_TRADING_ENGINE,2026-08-12T10:49:11.359000+00:00
4424079e-38a5-4bf2-9d2d-c8d34e331bfa,TRD-E202C2840051,1,CP_BANK_A,USDJPY,2026-08-12,2026-12-05,8180,589.2159,GBP,SELL,MOCK_TRADING_ENGINE,2026-08-12T10:49:11.360000+00:00
e984cb1e-a227-431e-b951-35744bacfa4d,TRD-E0BCCE97641A,1,CP_BANK_A,AAPL,2026-08-12,2027-02-19,1049,16.2975,USD,SELL,MOCK_TRADING_ENGINE,2026-08-12T10:49:11.361000+00:00
3a29005d-a4a5-4c78-aed5-82de5a5df139,TRD-814B38FBD7C5,1,CP_BANK_B,MSFT,2026-08-12,2027-01-07,1706,542.4109,USD,SELL,MOCK_TRADING_ENGINE,2026-08-12T10:49:11.362000+00:00
63cd80ab-a2cf-430e-9f76-916789dc7c7b,TRD-DDEB44300464,1,CP_BANK_A,GBPUSD,2026-08-12,2027-07-30,9984,1516.1964,USD,BUY,MOCK_TRADING_ENGINE,2026-08-12T10:49:11.363000+00:00
84cf1a53-abb6-4842-80fc-23be781fd72a,TRD-4F6E47844DCB,1,CP_FUND_A,MSFT,2026-08-12,2026-08-24,6618,1238.0312,EUR,BUY,MOCK_TRADING_ENGINE,2026-08-12T10:49:11.364000+00:00
3c300473-29c3-4a32-8a7d-66b360af2e22,TRD-6F8AAFA3AC9D,1,CP_BANK_A,GBPUSD,2026-08-12,2027-07-13,5266,2176.7593,JPY,SELL,MOCK_TRADING_ENGINE,2026-08-12T10:49:11.365000+00:00
10f9aeaf-50fd-476e-b745-452266e58295,TRD-7B5AC412C64B,1,CP_BANK_A,AAPL,2026-08-12,2027-02-05,1810,1215.6625,USD,BUY,MOCK_TRADING_ENGINE,2026-08-12T10:49:11.366000+00:00
e823bb8e-c455-4957-b2e3-a45b06c29ad9,TRD-F7F95CB72AA9,1,CP_CORP_A,EURUSD,2026-08-12,2027-01-08,1959,796.3855,JPY,BUY,MOCK_TRADING_ENGINE,2026-08-12T10:49:11.367000+00:00
f800c708-58b6-44b8-9459-cd630883c717,TRD-DD172958D068,1,CP_BANK_B,MSFT,2026-08-12,2027-01-26,6723,427.2623,USD,BUY,MOCK_TRADING_ENGINE,2026-08-12T10:49:11.368000+00:00
9107beba-fbc3-4536-ad27-5a8d499e9001,TRD-3E790B5DAEB4,1,CP_CORP_A,US10Y,2026-08-12,2027-01-22,2584,17.7774,GBP,SELL,MOCK_TRADING_ENGINE,2026-08-12T10:49:11.369000+00:00
bbcdfa77-2562-4fd1-ac5d-16bec49e1587,TRD-6E40CA457BDE,1,CP_BANK_A,USDJPY,2026-08-12,2027-07-19,2352,1712.373,USD,BUY,MOCK_TRADING_ENGINE,2026-08-12T10:49:11.370000+00:00
33b821b5-1021-4f5b-a7ff-7a77c1fe7a19,TRD-DBF4BAFE1F6E,1,CP_BANK_A,GBPUSD,2026-08-12,2027-04-12,5916,602.9783,JPY,SELL,MOCK_TRADING_ENGINE,2026-08-12T10:49:11.371000+00:00
af31abea-56fa-486d-814b-336a1d2b4876,TRD-1F66C259BCD6,1,CP_CORP_A,US10Y,2026-08-12,2027-01-13,396,1840.7062,GBP,BUY,MOCK_TRADING_ENGINE,2026-08-12T10:49:11.372000+00:00
00f6ea51-82d8-4068-ab23-164dd6482c95,TRD-786B0D857E32,1,CP_BANK_A,GBPUSD,2026-08-12,2026-12-29,8015,930.8135,GBP,BUY,MOCK_TRADING_ENGINE,2026-08-12T10:49:11.373000+00:00
38aef1e3-bb45-48a8-a8a0-1dacad5eb1d4,TRD-EB9D8F579A54,1,CP_CORP_A,US10Y,2026-08-12,2027-04-19,6079,776.3999,USD,SELL,MOCK_TRADING_ENGINE,2026-08-12T10:49:11.374000+00:00
b183c001-49ae-4441-9e72-0c5f9729e200,TRD-AC5E8A2BAD8F,1,CP_BANK_A,EURUSD,2026-08-12,2026-12-21,8893,1982.439,EUR,SELL,MOCK_TRADING_ENGINE,2026-08-12T10:49:11.375000+00:00
0a697997-bd40-4575-9be1-e3930c20f458,TRD-CE90514FAE9E,0,CP_BANK_B,MSFT,2026-08-12,2026-11-04,4842,338.4953,EUR,SELL,MOCK_TRADING_ENGINE,2026-08-12T10:49:11.376000+00:00
c8aa7c4e-8284-4ad2-875a-79aea22706ac,TRD-62572FBCB441,1,CP_FUND_A,GBPUSD,2026-08-12,2026-08-08,3664,1517.2967,USD,BUY,MOCK_TRADING_ENGINE,2026-08-12T10:49:11.377000+00:00
71c34b16-5ed1-48ea-8b50-6d983a19431f,TRD-EC594F1545AE,1,CP_FUND_A,USDJPY,2026-08-12,2027-05-20,4601,768.1524,EUR,BUY,MOCK_TRADING_ENGINE,2026-08-12T10:49:11.378000+00:00
f384c29b-565d-4349-a10b-f28975c948ec,TRD-B8192AF065A5,1,CP_CORP_A,US10Y,2026-08-12,2027-02-18,9225,1660.2412,JPY,BUY,MOCK_TRADING_ENGINE,2026-08-12T10:49:11.379000+00:00
067235cf-c9c9-42f4-a511-6993f481f211,TRD-93CC5104CCCD,1,CP_FUND_A,GBPUSD,2026-08-12,2026-09-28,3186,1662.5132,EUR,SELL,MOCK_TRADING_ENGINE,2026-08-12T10:49:11.380000+00:00
12f0bdc9-a778-46d8-b7c0-9d156f11f4e3,TRD-0FFA86955DAC,1,CP_BANK_A,AAPL,2026-08-12,2026-08-10,4268,1667.3646,EUR,BUY,MOCK_TRADING_ENGINE,2026-08-12T10:49:11.381000+00:00
ecd6f561-cc71-46f7-ae98-641eef55e58f,TRD-B391A7436902,0,CP_BANK_B,EURUSD,2026-08-12,2026-09-03,3925,2433.5746,USD,SELL,MOCK_TRADING_ENGINE,2026-08-12T10:49:11.382000+00:00
263712ef-e4e4-4e42-b40d-491a7b85159c,TRD-2A332A944D29,1,CP_FUND_A,EURUSD,2026-08-12,2027-04-03,765,986.0062,EUR,SELL,MOCK_TRADING_ENGINE,2026-08-12T10:49:11.383000+00:00
857f41a1-2d3f-4ec2-9ed7-fed874e9204b,TRD-6BCF27CCAF5A,1,CP_BANK_A,GBPUSD,2026-08-12,2027-04-23,2976,2090.9403,JPY,BUY,MOCK_TRADING_ENGINE,2026-08-12T10:49:11.384000+00:00
4820fb86-a958-4b8d-8304-18018085b869,TRD-E813AC229F5C,1,CP_FUND_A,MSFT,2026-08-12,2027-03-02,3472,710.3372,EUR,BUY,MOCK_TRADING_ENGINE,2026-08-12T10:49:11.385000+00:00
27cb9eee-ae04-480c-9014-cd3ffa384267,TRD-759F435EEAA5,1,CP_CORP_A,AAPL,2026-08-12,2027-04-17,2901,1030.5163,GBP,SELL,MOCK_TRADING_ENGINE,2026-08-12T10:49:11.386000+00:00
fed65384-8792-4ae3-9547-29aeafffb7cb,TRD-01B8E604EE90,1,CP_FUND_A,AAPL,2026-08-12,2027-05-07,7027,1331.7986,JPY,BUY,MOCK_TRADING_ENGINE,2026-08-12T10:49:11.387000+00:00
04cdb808-7612-441d-ab7c-0d1b58ed5953,TRD-CF9DCE5FA59C,1,CP_BANK_A,US10Y,2026-08-12,2026-07-15,7206,1683.7559,GBP,SELL,MOCK_TRADING_ENGINE,2026-08-12T10:49:11.388000+00:00
6e29add3-aec2-470a-99aa-7f814965c770,TRD-BB00ED1DB309,1,CP_CORP_A,GBPUSD,2026-08-12,2026-07-18,8286,449.7411,USD,BUY,MOCK_TRADING_ENGINE,2026-08-12T10:49:11.389000+00:00
f1e0bb0c-403f-4705-aad8-00d96a26b39b,TRD-8D5BD91E96DA,1,CP_CORP_A,EURUSD,2026-08-12,2026-12-30,8053,988.4679,USD,SELL,MOCK_TRADING_ENGINE,2026-08-12T10:49:11.390000+00:00
e1aea9ad-98e0-4a97-84b6-679f23529cb6,TRD-B465FDEA23FF,1,CP_BANK_A,EURUSD,2026-08-12,2027-04-25,528,2001.2062,GBP,BUY,MOCK_TRADING_ENGINE,2026-08-12T10:49:11.391000+00:00
b87e4518-3aa9-4413-8b87-24072b06ee7a,TRD-88238595F630,1,CP_FUND_A,MSFT,2026-08-12,2027-06-03,8389,672.128,GBP,BUY,MOCK_TRADING_ENGINE,2026-08-12T10:49:11.392000+00:00
ec9b4fab-383a-4160-b626-f6c9f55972c9,TRD-493966CCD54E,1,CP_FUND_A,US10Y,2026-08-12,2027-02-15,4218,1617.7012,USD,BUY,MOCK_TRADING_ENGINE,2026-08-12T10:49:11.393000+00:00
c88e2a2d-fb12-4b44-90a0-03830a40c002,TRD-714A70005FE6,1,CP_BANK_A,US10Y,2026-08-12,2026-12-18,7407,2492.0804,JPY,BUY,MOCK_TRADING_ENGINE,2026-08-12T10:49:11.394000+00:00
db8b0a62-99ef-4271-bc2f-fd7a74a107ec,TRD-0378AFB18554,1,CP_CORP_A,US10Y,2026-08-12,2027-02-03,1696,2240.8684,EUR,SELL,MOCK_TRADING_ENGINE,2026-08-12T10:49:11.395000+00:00
2e1869a7-6fad-4679-be62-96108e0a15f1,TRD-41B12467AE9A,1,CP_BANK_B,US10Y,2026-08-12,2027-07-25,6343,1396.3886,GBP,BUY,MOCK_TRADING_ENGINE,2026-08-12T10:49:11.396000+00:00
8915d230-8802-47af-8297-f9a863e9376e,TRD-7ABAD89B437A,1,CP_FUND_A,GBPUSD,2026-08-12,2026-10-26,6452,420.693,JPY,BUY,MOCK_TRADING_ENGINE,2026-08-12T10:49:11.397000+00:00
f113c5ff-80bd-475b-acfb-1bdbb9035b85,TRD-F9006959DEC4,1,CP_BANK_B,MSFT,2026-08-12,2026-10-10,911,13.8038,GBP,BUY,MOCK_TRADING_ENGINE,2026-08-12T10:49:11.398000+00:00
a5eafc77-d0d4-46b7-8144-1868dc3776e7,TRD-0344F3AA0929,1,CP_BANK_B,US10Y,2026-08-12,2027-02-20,2027,2176.3963,GBP,SELL,MOCK_TRADING_ENGINE,2026-08-12T10:49:11.399000+00:00
09936438-ae9a-4eb0-9e77-834d3d92953c,TRD-EE617ECDFB1F,1,CP_BANK_A,US10Y,2026-08-12,2027-05-16,6178,2283.6199,JPY,SELL,MOCK_TRADING_ENGINE,2026-08-12T10:49:11.400000+00:00
96386897-ef90-4351-9e8c-8ca42694c9fe,TRD-77612C018008,1,CP_BANK_A,EURUSD,2026-08-12,2026-08-10,3020,2099.104,USD,BUY,MOCK_TRADING_ENGINE,2026-08-12T10:49:11.401000+00:00
088ef6ac-cf05-48ad-ac68-d607894cac8f,TRD-F71856A50A5B,1,CP_BANK_B,GBPUSD,2026-08-12,2026-09-03,4214,1880.2428,EUR,BUY,MOCK_TRADING_ENGINE,2026-08-12T10:49:11.402000+00:00
2cc91ba9-b708-4f59-8656-c926ffd0a64b,TRD-AE3A1703004A,1,CP_FUND_A,GBPUSD,2026-08-12,2027-07-25,7149,1542.5154,USD,BUY,MOCK_TRADING_ENGINE,2026-08-12T10:49:11.403000+00:00
9a336433-ec7a-4e9a-9d5d-519c754a3e4a,TRD-4120551E85F0,1,CP_CORP_A,EURUSD,2026-08-12,2027-02-06,180,1491.0709,USD,SELL,MOCK_TRADING_ENGINE,2026-08-12T10:49:11.404000+00:00
7e827f11-42e6-4b00-8a9b-be6a638ed5b1,TRD-AC0A26859881,1,CP_BANK_B,EURUSD,2026-08-12,2027-02-20,4772,1957.2373,GBP,BUY,MOCK_TRADING_ENGINE,2026-08-12T10:49:11.405000+00:00
db50d8c5-75da-4774-a2cd-65e9aac66aeb,TRD-92EAF0B36448,0,CP_BANK_A,MSFT,2026-08-12,2027-05-03,1248,2331.9818,GBP,SELL,MOCK_TRADING_ENGINE,2026-08-12T10:49:11.406000+00:00
ff756ea6-b04f-4135-8503-e53047c86bbc,TRD-5B70EBB0FAC6,1,CP_BANK_B,GBPUSD,2026-08-12,2027-02-18,1485,444.7474,JPY,SELL,MOCK_TRADING_ENGINE,2026-08-12T10:49:11.407000+00:00
6f9a2276-54cb-4373-bdea-98c7d9073bbc,TRD-225EC15E989C,1,CP_BANK_B,USDJPY,2026-08-12,2026-09-22,2830,1953.0293,GBP,BUY,MOCK_TRADING_ENGINE,2026-08-12T10:49:11.408000+00:00
d19847e1-bc8b-475a-bc32-df3dd6465e57,TRD-A969330741E4,1,CP_CORP_A,USDJPY,2026-08-12,2026-12-01,2915,1335.541,GBP,SELL,MOCK_TRADING_ENGINE,2026-08-12T10:49:11.409000+00:00
4c8cadb0-9d62-4c01-a7bf-784c54120885,TRD-FB2A6743E28F,1,CP_BANK_B,GBPUSD,2026-08-12,2026-11-08,313,295.8995,JPY,BUY,MOCK_TRADING_ENGINE,2026-08-12T10:49:11.410000+00:00
d5ee43c5-b0df-421b-a29a-47fcb47c849d,TRD-AAA468E46233,0,CP_BANK_B,USDJPY,2026-08-12,2027-03-19,8279,171.8828,JPY,BUY,MOCK_TRADING_ENGINE,2026-08-12T10:49:11.411000+00:00
1b4c16d6-ff55-4555-bbda-6b7b096c36ac,TRD-63B803054B01,1,CP_BANK_B,EURUSD,2026-08-12,2027-06-16,4052,1714.902,USD,SELL,MOCK_TRADING_ENGINE,2026-08-12T10:49:11.412000+00:00
a612c941-178d-478e-a312-ecbba4d098a4,TRD-58BCFC3FD84A,1,CP_FUND_A,GBPUSD,2026-08-12,2026-07-27,306,306.5678,USD,SELL,MOCK_TRADING_ENGINE,2026-08-12T10:49:11.413000+00:00
61896999-a125-438a-b56e-7a14ba138b6f,TRD-0795E67C5B7A,1,CP_BANK_B,USDJPY,2026-08-12,2026-08-10,2667,495.9618,JPY,SELL,MOCK_TRADING_ENGINE,2026-08-12T10:49:11.414000+00:00
b56f3b60-c0e4-48f9-9830-9c2f494064c2,TRD-30E801D08345,1,CP_CORP_A,USDJPY,2026-08-12,2027-06-28,8845,1212.9385,USD,BUY,MOCK_TRADING_ENGINE,2026-08-12T10:49:11.415000+00:00
ea4f2562-eedc-4d65-80ac-8af7aee47f89,TRD-BCC56FFC505E,1,CP_FUND_A,GBPUSD,2026-08-12,2026-11-27,741,1275.0679,EUR,BUY,MOCK_TRADING_ENGINE,2026-08-12T10:49:11.416000+00:00
06b3ec00-a9d0-49db-a593-c7be6056e081,TRD-21044BF36F72,1,CP_FUND_A,EURUSD,2026-08-12,2026-10-09,1770,2068.1082,EUR,BUY,MOCK_TRADING_ENGINE,2026-08-12T10:49:11.417000+00:00
446cf44e-a4b5-4026-8c7d-c96a86798c54,TRD-FCE5EAFA7DB1,1,CP_FUND_A,GBPUSD,2026-08-12,2026-11-03,3286,304.8589,JPY,SELL,MOCK_TRADING_ENGINE,2026-08-12T10:49:11.418000+00:00
a2075a44-ad06-407c-9dfc-c39bd3913f9e,TRD-3C1E5C8822A2,1,CP_CORP_A,GBPUSD,2026-08-12,2027-02-13,3221,1072.8018,EUR,SELL,MOCK_TRADING_ENGINE,2026-08-12T10:49:11.419000+00:00
c7775fdd-637a-4fdc-a856-5f76c995f20c,TRD-4895341F9977,1,CP_BANK_A,EURUSD,2026-08-12,2027-03-13,7123,522.3121,USD,BUY,MOCK_TRADING_ENGINE,2026-08-12T10:49:11.420000+00:00
e7409e20-7ce1-46df-9199-5249f3d34167,TRD-CB4C1C593286,1,CP_FUND_A,MSFT,2026-08-12,2027-05-23,8884,2034.733,USD,BUY,MOCK_TRADING_ENGINE,2026-08-12T10:49:11.421000+00:00
953b8f04-b3bd-4b29-a358-90fa6d7083db,TRD-DB74A0CC3FEE,1,CP_BANK_B,US10Y,2026-08-12,2027-07-24,6252,577.7103,GBP,SELL,MOCK_TRADING_ENGINE,2026-08-12T10:49:11.422000+00:00
4b7ecea7-1376-445a-8883-fc71ee629a68,TRD-F5DAAD2CBF00,1,CP_BANK_B,US10Y,2026-08-12,2027-03-13,4655,295.1435,JPY,SELL,MOCK_TRADING_ENGINE,2026-08-12T10:49:11.423000+00:00
b0345823-9833-4209-8b7a-27ebe935b7a3,TRD-5619B0C197FC,1,CP_CORP_A,USDJPY,2026-08-12,2027-04-25,6493,2389.8513,USD,BUY,MOCK_TRADING_ENGINE,2026-08-12T10:49:11.424000+00:00
fdabcca1-5cd8-4124-bebf-f0b573389617,TRD-9DE530CD9CAB,0,CP_FUND_A,MSFT,2026-08-12,2026-12-05,5776,45.986,GBP,SELL,MOCK_TRADING_ENGINE,2026-08-12T10:49:11.425000+00:00
f80359ec-4c88-49f5-8caf-bbb0b3719d8d,TRD-C75FDF851BA9,1,CP_BANK_B,MSFT,2026-08-12,2027-02-24,3653,2303.0591,EUR,SELL,MOCK_TRADING_ENGINE,2026-08-12T10:49:11.426000+00:00
f22333e6-cf8f-4043-9ef1-85543e9747ea,TRD-810C0D730F03,1,CP_CORP_A,US10Y,2026-08-12,2026-10-05,1012,878.4854,EUR,SELL,MOCK_TRADING_ENGINE,2026-08-12T10:49:11.427000+00:00
5aae01f6-207c-4fb4-bb34-933d652c0371,TRD-BC5558925227,1,CP_CORP_A,EURUSD,2026-08-12,2027-03-05,4223,2244.8239,GBP,SELL,MOCK_TRADING_ENGINE,2026-08-12T10:49:11.428000+00:00
657ba1c7-6d9e-4fd4-bb69-080d436c8612,TRD-9CA57BDC55A1,1,CP_FUND_A,EURUSD,2026-08-12,2027-06-06,2072,2160.7901,GBP,BUY,MOCK_TRADING_ENGINE,2026-08-12T10:49:11.429000+00:00
52070983-fbe0-4fb1-ae40-3e1491ba44e1,TRD-06C0C01B04AF,1,CP_FUND_A,AAPL,2026-08-12,2026-08-24,8690,504.4445,USD,SELL,MOCK_TRADING_ENGINE,2026-08-12T10:49:11.430000+00:00
8f343421-be15-49b5-840f-368d57da7bab,TRD-C74236613C54,0,CP_FUND_A,GBPUSD,2026-08-12,2026-08-17,9598,1562.5081,GBP,BUY,MOCK_TRADING_ENGINE,2026-08-12T10:49:11.431000+00:00
8c18e831-a455-4483-b0e2-16b58c65714b,TRD-1E248428C7FD,1,CP_BANK_A,USDJPY,2026-08-12,2026-12-12,9032,571.8887,GBP,SELL,MOCK_TRADING_ENGINE,2026-08-12T10:49:11.432000+00:00
8e701abf-0144-4f5a-8688-0f53ef79bbf6,TRD-FD3436F289F3,1,CP_BANK_B,USDJPY,2026-08-12,2027-04-20,818,326.8846,EUR,SELL,MOCK_TRADING_ENGINE,2026-08-12T10:49:11.433000+00:00
5d52a73c-876f-40e5-9466-d8374e61bdf9,TRD-92419F1FC34C,1,CP_CORP_A,AAPL,2026-08-12,2026-08-02,7017,1136.2453,JPY,SELL,MOCK_TRADING_ENGINE,2026-08-12T10:49:11.434000+00:00
81d476a9-cd75-4f31-a8d0-38c5cc86027d,TRD-A3B7FB350BE2,1,CP_FUND_A,USDJPY,2026-08-12,2027-01-28,2573,1040.3323,GBP,SELL,MOCK_TRADING_ENGINE,2026-08-12T10:49:11.435000+00:00
9b8a5424-6f85-40f3-8847-1dff09e233de,TRD-2D1BE6F50100,1,CP_BANK_A,USDJPY,2026-08-12,2026-12-05,2971,329.3959,EUR,SELL,MOCK_TRADING_ENGINE,2026-08-12T10:49:11.436000+00:00
e3f6545d-4b54-4391-bbe9-835e4673ea88,TRD-9DD34CA961F1,1,CP_FUND_A,EURUSD,2026-08-12,2027-07-29,9564,984.0869,GBP,SELL,MOCK_TRADING_ENGINE,2026-08-12T10:49:11.437000+00:00
77a80ccc-fc99-4b03-b6ac-d0c75012dba6,TRD-B85E04CEAD89,1,CP_FUND_A,USDJPY,2026-08-12,2027-03-11,8263,113.4412,GBP,BUY,MOCK_TRADING_ENGINE,2026-08-12T10:49:11.438000+00:00
d86a14bc-7b04-4a2f-92aa-ad2c7ee87fd2,TRD-DBC6013815CD,1,CP_CORP_A,GBPUSD,2026-08-12,2027-07-24,5586,1227.1239,USD,SELL,MOCK_TRADING_ENGINE,2026-08-12T10:49:11.439000+00:00
d909a7a2-1be8-4984-8666-9af72794580c,TRD-846FD76E5B9D,1,CP_BANK_A,USDJPY,2026-08-12,2027-07-24,6067,1175.345,JPY,BUY,MOCK_TRADING_ENGINE,2026-08-12T10:49:11.440000+00:00
f19b1030-0076-4cc4-a89a-0cdce86a2d8b,TRD-BD86B75CF6D5,1,CP_CORP_A,AAPL,2026-08-12,2026-10-11,3931,2460.7528,JPY,SELL,MOCK_TRADING_ENGINE,2026-08-12T10:49:11.441000+00:00
7ac10aa9-9c69-44da-9f2f-fde21eb0c6cf,TRD-50E7A44E5C8A,1,CP_FUND_A,USDJPY,2026-08-12,2027-06-12,9122,734.5127,EUR,BUY,MOCK_TRADING_ENGINE,2026-08-12T10:49:11.442000+00:00
3a5ad5ae-5c1b-4440-bb82-11e535dd49f8,TRD-A322E41525E5,1,CP_BANK_A,EURUSD,2026-08-12,2026-10-20,606,1291.3388,EUR,SELL,MOCK_TRADING_ENGINE,2026-08-12T10:49:11.443000+00:00
2ad8b24d-c524-43a7-9514-c293911b1e6c,TRD-3861B81E6007,1,CP_CORP_A,USDJPY,2026-08-12,2027-03-03,5906,141.6278,USD,BUY,MOCK_TRADING_ENGINE,2026-08-12T10:49:11.444000+00:00
ef0960cf-8a50-4f84-9d3c-fbef558a7b94,TRD-10E87EBF2884,1,CP_FUND_A,USDJPY,2026-08-12,2027-02-03,1819,748.0181,EUR,SELL,MOCK_TRADING_ENGINE,2026-08-12T10:49:11.445000+00:00
bc3a1ebb-b72a-4089-9782-17b7f9f4843c,TRD-0F1FE072BEBE,1,CP_FUND_A,AAPL,2026-08-12,2027-05-25,2769,1206.0984,JPY,SELL,MOCK_TRADING_ENGINE,2026-08-12T10:49:11.446000+00:00
e97736d9-b82a-443d-ae72-e8f9b97eeede,TRD-A7F4EF6485A3,1,CP_CORP_A,GBPUSD,2026-08-12,2026-10-12,3068,2421.992,JPY,SELL,MOCK_TRADING_ENGINE,2026-08-12T10:49:11.447000+00:00
e907b576-1794-4c42-a805-72c667b1c0e7,TRD-79988AEBF7A0,1,CP_BANK_A,EURUSD,2026-08-12,2026-07-22,9168,219.3501,USD,BUY,MOCK_TRADING_ENGINE,2026-08-12T10:49:11.448000+00:00
7b9126df-b0f6-4d43-9eee-275cf3c6263a,TRD-19986C1AE14A,1,CP_BANK_A,US10Y,2026-08-12,2027-05-01,2393,2343.3151,EUR,SELL,MOCK_TRADING_ENGINE,2026-08-12T10:49:11.449000+00:00
a183e79a-5104-41b8-ad4d-ac2429fed813,TRD-2D46A590E14C,1,CP_BANK_A,GBPUSD,2026-08-12,2027-03-20,8509,1815.7742,GBP,SELL,MOCK_TRADING_ENGINE,2026-08-12T10:49:11.450000+00:00
2f713ca5-841f-40ce-a5bb-07f266777e9a,TRD-5667F4B0B6F1,1,CP_CORP_A,AAPL,2026-08-12,2026-09-20,692,2412.5152,GBP,SELL,MOCK_TRADING_ENGINE,2026-08-12T10:49:11.451000+00:00
d120f9b8-bcb5-4655-ad96-ec003e19deb3,TRD-2FACC007A558,1,CP_CORP_A,GBPUSD,2026-08-12,2027-01-10,7894,381.6342,USD,BUY,MOCK_TRADING_ENGINE,2026-08-12T10:49:11.452000+00:00
6810337c-b4ca-4e38-83d2-74746babbe6a,TRD-04231785A533,1,CP_BANK_A,EURUSD,2026-08-12,2027-03-18,2578,600.8518,GBP,BUY,MOCK_TRADING_ENGINE,2026-08-12T10:49:11.453000+00:00
829465f2-91d2-47b2-b034-e709eaea45e6,TRD-6568775C6ADE,1,CP_BANK_B,GBPUSD,2026-08-12,2026-08-16,6980,1498.2203,JPY,SELL,MOCK_TRADING_ENGINE,2026-08-12T10:49:11.454000+00:00
d307d677-c3ae-4d80-a35f-1e6be87af304,TRD-0CBAE455E6E4,1,CP_BANK_A,MSFT,2026-08-12,2027-05-12,6411,2290.8691,USD,SELL,MOCK_TRADING_ENGINE,2026-08-12T10:49:11.455000+00:00
4d97e1a9-0a63-4929-b75b-9b99c12bc99f,TRD-E8626E106E1F,1,CP_BANK_B,USDJPY,2026-08-12,2027-02-19,4168,1295.293,EUR,SELL,MOCK_TRADING_ENGINE,2026-08-12T10:49:11.456000+00:00
4dc49df4-f17b-45e8-be4a-c2d168d9202c,TRD-0D2329C4B7E2,1,CP_CORP_A,USDJPY,2026-08-12,2027-02-18,2033,2337.2751,GBP,BUY,MOCK_TRADING_ENGINE,2026-08-12T10:49:11.457000+00:00
977993f1-0179-426c-994f-008fec330b0d,TRD-486F22DBEECB,1,CP_CORP_A,USDJPY,2026-08-12,2026-12-30,2294,2416.5834,USD,BUY,MOCK_TRADING_ENGINE,2026-08-12T10:49:11.458000+00:00
7bc72eb8-a393-4b7c-bce6-073af4924201,TRD-5C63CF574B2A,1,CP_BANK_A,USDJPY,2026-08-12,2027-05-30,9003,845.7377,EUR,BUY,MOCK_TRADING_ENGINE,2026-08-12T10:49:11.459000+00:00
229812c4-7845-4b6e-b223-197c11e54231,TRD-1308796D6846,1,CP_FUND_A,US10Y,2026-08-12,2026-12-06,5287,438.8283,GBP,BUY,MOCK_TRADING_ENGINE,2026-08-12T10:49:11.460000+00:00
02e91439-c901-4778-bdb4-4aa4e8b7fe59,TRD-B50C8DDBFFDD,1,CP_FUND_A,AAPL,2026-08-12,2027-04-05,9609,2076.1248,JPY,SELL,MOCK_TRADING_ENGINE,2026-08-12T10:49:11.461000+00:00
fe8df544-70a9-4a80-9af3-f607f01fec61,TRD-F012345B316D,1,CP_CORP_A,MSFT,2026-08-12,2026-08-11,9596,139.7008,EUR,BUY,MOCK_TRADING_ENGINE,2026-08-12T10:49:11.462000+00:00
a75b38b4-c673-48ab-ae65-a3b1eb50a262,TRD-CF3DE70806C3,1,CP_BANK_B,USDJPY,2026-08-12,2027-01-16,9528,530.8507,EUR,BUY,MOCK_TRADING_ENGINE,2026-08-12T10:49:11.463000+00:00
6039417c-4802-412c-b774-b814c2cda7bf,TRD-19625E5CBC36,1,CP_BANK_A,EURUSD,2026-08-12,2027-04-30,3251,1897.4355,JPY,SELL,MOCK_TRADING_ENGINE,2026-08-12T10:49:11.464000+00:00
01963ee1-abc8-42eb-b911-2fdbf9af3300,TRD-39E6219C4790,1,CP_CORP_A,US10Y,2026-08-12,2026-11-05,1185,438.7529,JPY,SELL,MOCK_TRADING_ENGINE,2026-08-12T10:49:11.465000+00:00
ced9cf10-cfc2-4e71-b317-dfb9138291ef,TRD-18DF613DA884,1,CP_FUND_A,AAPL,2026-08-12,2027-05-02,4837,445.7136,EUR,SELL,MOCK_TRADING_ENGINE,2026-08-12T10:49:11.466000+00:00
af95ddfb-e218-4d0b-8c5e-d4eef4b1ef8e,TRD-D46D9CB9E064,1,CP_BANK_A,US10Y,2026-08-12,2027-02-09,5943,489.236,USD,SELL,MOCK_TRADING_ENGINE,2026-08-12T10:49:11.467000+00:00
0cebfa4e-2800-4d4d-bdef-27e88344fe1b,TRD-AF3AA1D720E0,0,CP_BANK_B,US10Y,2026-08-12,2026-12-17,9296,160.6615,GBP,BUY,MOCK_TRADING_ENGINE,2026-08-12T10:49:11.468000+00:00
6d85cadb-0bc5-4a4f-8fb1-347aae4e7576,TRD-9D8BA3B617EF,1,CP_BANK_B,EURUSD,2026-08-12,2026-11-06,6274,1610.5818,GBP,SELL,MOCK_TRADING_ENGINE,2026-08-12T10:49:11.469000+00:00
cbbfc644-2de8-4413-9b80-a070d9ec8703,TRD-B10787EA7071,1,CP_BANK_B,US10Y,2026-08-12,2026-12-10,731,2274.0803,GBP,SELL,MOCK_TRADING_ENGINE,2026-08-12T10:49:11.470000+00:00
02df7b5a-7686-49b6-a1d2-69deca7d29c5,TRD-9E0BC047182B,1,CP_BANK_B,US10Y,2026-08-12,2026-10-04,1762,1726.7457,JPY,SELL,MOCK_TRADING_ENGINE,2026-08-12T10:49:11.471000+00:00
955e5e91-277d-4434-b100-09e00e22b2f9,TRD-82E4E47F5195,1,CP_BANK_B,GBPUSD,2026-08-12,2027-02-26,4769,552.0704,JPY,BUY,MOCK_TRADING_ENGINE,2026-08-12T10:49:11.472000+00:00
923081ea-af94-4849-ae9f-70b6875485c8,TRD-0B441644A967,1,CP_CORP_A,AAPL,2026-08-12,2026-08-13,1012,897.4632,USD,BUY,MOCK_TRADING_ENGINE,2026-08-12T10:49:11.473000+00:00
4ab42e54-ed30-4afe-ba6e-3e507253a3cd,TRD-D46D9CB9E064,1,CP_BANK_B,EURUSD,2026-08-12,2027-08-12,5098,1746.1837,USD,SELL,MOCK_TRADING_ENGINE,2026-08-12T10:49:11.474000+00:00
23a62fc2-33a4-40b2-b8ac-aebb965363b6,TRD-1CBA885DB76B,1,CP_BANK_B,USDJPY,2026-08-12,2026-10-28,3976,471.0064,GBP,SELL,MOCK_TRADING_ENGINE,2026-08-12T10:49:11.475000+00:00
6303003d-cb86-4b90-9963-911558688c6a,TRD-7952B62410A9,1,CP_CORP_A,MSFT,2026-08-12,2026-09-17,1364,1272.952,JPY,SELL,MOCK_TRADING_ENGINE,2026-08-12T10:49:11.476000+00:00
4fe0cd02-9a8c-4806-ac98-c639c0f0bf26,TRD-04A003F8D7EF,1,CP_FUND_A,GBPUSD,2026-08-12,2026-07-24,2705,1004.2658,USD,SELL,MOCK_TRADING_ENGINE,2026-08-12T10:49:11.477000+00:00
31596df0-a6d5-4013-961b-5ead8f3ab50f,TRD-047DA8A99625,1,CP_BANK_B,MSFT,2026-08-12,2027-05-28,2558,1651.7123,GBP,SELL,MOCK_TRADING_ENGINE,2026-08-12T10:49:11.478000+00:00
43f83a9a-0fb7-408f-b790-151c790247b7,TRD-39C42DD1B7B0,1,CP_BANK_B,AAPL,2026-08-12,2026-09-28,5941,1546.2322,USD,SELL,MOCK_TRADING_ENGINE,2026-08-12T10:49:11.479000+00:00
8465a7ba-a2bf-4023-a673-dfc8aa08c8bb,TRD-98EF8FE81B08,1,CP_CORP_A,AAPL,2026-08-12,2026-10-17,9414,685.1812,EUR,SELL,MOCK_TRADING_ENGINE,2026-08-12T10:49:11.480000+00:00
59e6e24f-19c4-490c-8ba2-0cc9a5a1e108,TRD-E08C2D43B5BA,1,CP_CORP_A,US10Y,2026-08-12,2027-03-11,8670,846.5442,GBP,BUY,MOCK_TRADING_ENGINE,2026-08-12T10:49:11.481000+00:00
15e52bc3-9efd-4861-8c3d-0857681103e0,TRD-6046249D677B,1,CP_FUND_A,MSFT,2026-08-12,2026-11-13,1522,1718.9376,GBP,SELL,MOCK_TRADING_ENGINE,2026-08-12T10:49:11.482000+00:00
3ad4e3c0-e9c8-4821-ab95-b9fd9c52eeeb,TRD-DADD9F3E9365,1,CP_CORP_A,USDJPY,2026-08-12,2027-04-19,6179,698.4315,USD,SELL,MOCK_TRADING_ENGINE,2026-08-12T10:49:11.483000+00:00
11f1f160-23ee-4dcf-aba3-5c38e1abd977,TRD-57E493FF67B4,1,CP_FUND_A,MSFT,2026-08-12,2026-11-22,2770,1298.7503,USD,BUY,MOCK_TRADING_ENGINE,2026-08-12T10:49:11.484000+00:00
94fcc32d-339d-461d-a0ef-602d4def7745,TRD-F73F594E3129,1,CP_BANK_B,GBPUSD,2026-08-12,2027-07-02,9394,500.6275,GBP,SELL,MOCK_TRADING_ENGINE,2026-08-12T10:49:11.485000+00:00
0bcde9a8-7142-4d50-a319-e69fe7152c71,TRD-F15518072A48,1,CP_FUND_A,USDJPY,2026-08-12,2027-02-25,8855,1260.6773,USD,SELL,MOCK_TRADING_ENGINE,2026-08-12T10:49:11.486000+00:00
466571ce-c708-4b7a-8941-cf73ab5870d1,TRD-F4A323AD4A79,1,CP_CORP_A,GBPUSD,2026-08-12,2027-03-17,1141,1990.2148,USD,SELL,MOCK_TRADING_ENGINE,2026-08-12T10:49:11.487000+00:00
2882a4a4-3b1a-47aa-ae3e-c78dbff42e60,TRD-231830E727D6,1,CP_CORP_A,USDJPY,2026-08-12,2027-04-24,9317,1641.7145,GBP,SELL,MOCK_TRADING_ENGINE,2026-08-12T10:49:11.488000+00:00
cff6c285-04b7-4f51-904f-11ee720b79b5,TRD-C743CCD53342,1,CP_CORP_A,AAPL,2026-08-12,2027-06-06,3493,485.2818,JPY,BUY,MOCK_TRADING_ENGINE,2026-08-12T10:49:11.489000+00:00
fcdc2b7a-4c0b-4fde-bf5c-d828dff2b8e5,TRD-77F11AC8EB11,1,CP_BANK_B,GBPUSD,2026-08-12,2026-08-02,9497,1265.4575,USD,BUY,MOCK_TRADING_ENGINE,2026-08-12T10:49:11.490000+00:00
d82f940b-ed0a-4770-8a5f-64f080c40b85,TRD-52756644AA21,1,CP_BANK_A,GBPUSD,2026-08-12,2026-12-23,4020,1874.9288,EUR,SELL,MOCK_TRADING_ENGINE,2026-08-12T10:49:11.491000+00:00
cb220c84-4184-42ed-a4fc-903c660ba0de,TRD-B4A0372F0497,1,CP_FUND_A,AAPL,2026-08-12,2026-11-02,352,2367.9651,USD,SELL,MOCK_TRADING_ENGINE,2026-08-12T10:49:11.492000+00:00
a1a2d7f0-4150-483b-84c3-c60a7fe691ea,TRD-1F4105AC9726,1,CP_CORP_A,USDJPY,2026-08-12,2027-03-23,1210,1722.4249,JPY,BUY,MOCK_TRADING_ENGINE,2026-08-12T10:49:11.493000+00:00
74ac7e0e-b9b5-4595-9b98-83a14abb0ddc,TRD-66E784D37CAA,1,CP_CORP_A,GBPUSD,2026-08-12,2027-06-01,411,2042.0121,USD,BUY,MOCK_TRADING_ENGINE,2026-08-12T10:49:11.494000+00:00
4786ffde-e38b-4bc0-a7b2-ece7aa09a455,TRD-008AE9D6EB4A,1,CP_BANK_B,MSFT,2026-08-12,2026-12-07,6498,509.2569,EUR,SELL,MOCK_TRADING_ENGINE,2026-08-12T10:49:11.495000+00:00
b8bbb9dd-eb5d-468d-a781-4a8b573c5785,TRD-F84C9E9623C9,1,CP_CORP_A,US10Y,2026-08-12,2026-12-21,7889,1153.435,GBP,BUY,MOCK_TRADING_ENGINE,2026-08-12T10:49:11.496000+00:00
f687074b-163a-47f1-8a65-4397b9431ebd,TRD-852FF5101584,1,CP_FUND_A,USDJPY,2026-08-12,2026-09-01,5137,1920.8967,USD,BUY,MOCK_TRADING_ENGINE,2026-08-12T10:49:11.497000+00:00
e9b6e800-06be-4cfc-ac43-a0ed31e0a614,TRD-3F3EB8C2F28E,1,CP_FUND_A,AAPL,2026-08-12,2026-08-20,1379,1679.8215,JPY,SELL,MOCK_TRADING_ENGINE,2026-08-12T10:49:11.498000+00:00
000fb273-6964-486f-be20-ee6558de3148,TRD-DBD87204B47B,1,CP_BANK_B,USDJPY,2026-08-12,2026-12-31,4165,2270.3965,USD,BUY,MOCK_TRADING_ENGINE,2026-08-12T10:49:11.499000+00:00
270627f6-6503-4d78-ac61-9af04ae76978,TRD-E0CBCD148B31,1,CP_BANK_A,USDJPY,2026-08-12,2026-08-26,7915,1614.5333,USD,BUY,MOCK_TRADING_ENGINE,2026-08-12T10:49:11.500000+00:00
24c1232f-80ef-45cf-b2a9-3bd02cb6a883,TRD-5362E3B3C596,1,CP_CORP_A,GBPUSD,2026-08-12,2026-08-19,7174,1442.5647,GBP,BUY,MOCK_TRADING_ENGINE,2026-08-12T10:49:11.501000+00:00
803d8064-59df-41ee-a2c6-848998344622,TRD-4EC92E4D25E9,1,CP_BANK_A,AAPL,2026-08-12,2027-07-16,44,521.0394,JPY,BUY,MOCK_TRADING_ENGINE,2026-08-12T10:49:11.502000+00:00
035b35a4-c700-41c4-b7da-adef94516544,TRD-7DA6348291FD,1,CP_BANK_B,AAPL,2026-08-12,2027-02-22,4392,1927.1332,USD,SELL,MOCK_TRADING_ENGINE,2026-08-12T10:49:11.503000+00:00
88c95632-dc4e-4772-bb23-ec3354393a6e,TRD-434053B436FA,1,CP_BANK_B,GBPUSD,2026-08-12,2027-04-14,1198,773.2616,USD,SELL,MOCK_TRADING_ENGINE,2026-08-12T10:49:11.504000+00:00
673756f1-3d84-46d3-8421-f9b39fa404ea,TRD-ADB0C6FAEBD2,1,CP_CORP_A,US10Y,2026-08-12,2026-07-19,1288,226.2571,JPY,BUY,MOCK_TRADING_ENGINE,2026-08-12T10:49:11.505000+00:00
ee457866-5941-455a-a812-4e12e3329659,TRD-D2DBBE22F3C3,1,CP_FUND_A,MSFT,2026-08-12,2027-03-07,3552,2034.9493,USD,SELL,MOCK_TRADING_ENGINE,2026-08-12T10:49:11.506000+00:00
628d3e1e-21c1-4d47-954a-6b5f1f7f518e,TRD-725CBFF5263D,1,CP_BANK_A,US10Y,2026-08-12,2026-09-28,6498,1282.4339,JPY,SELL,MOCK_TRADING_ENGINE,2026-08-12T10:49:11.507000+00:00
91ec1fde-a8bb-465a-aa94-dd36a7fce562,TRD-8F02609486F4,1,CP_CORP_A,USDJPY,2026-08-12,2026-12-31,4438,107.6567,JPY,BUY,MOCK_TRADING_ENGINE,2026-08-12T10:49:11.508000+00:00
abaafe25-e25b-4993-b72a-fa227c45f61b,TRD-D6B10B9C698E,1,CP_BANK_B,EURUSD,2026-08-12,2026-12-20,5849,654.4447,USD,BUY,MOCK_TRADING_ENGINE,2026-08-12T10:49:11.509000+00:00
76484751-a5ea-4e8d-9453-abb77759f2e5,TRD-BB560DE9E784,1,CP_BANK_A,GBPUSD,2026-08-12,2026-11-19,7313,274.8535,JPY,SELL,MOCK_TRADING_ENGINE,2026-08-12T10:49:11.510000+00:00
c2f7c46c-a15d-4212-ad26-cbf84e1a7f75,TRD-2DF67B4A24D1,1,CP_FUND_A,MSFT,2026-08-12,2026-08-02,4551,1121.365,USD,SELL,MOCK_TRADING_ENGINE,2026-08-12T10:49:11.511000+00:00
d05e5977-ee2c-4e5a-b286-a70ac9438bc5,TRD-04D404DB5519,1,CP_BANK_A,MSFT,2026-08-12,2027-05-08,5539,2225.564,GBP,BUY,MOCK_TRADING_ENGINE,2026-08-12T10:49:11.512000+00:00
52c25621-5c42-406f-9e38-e752f0f9388f,TRD-A2AFCEED0666,0,CP_BANK_B,EURUSD,2026-08-12,2027-08-06,4905,2211.5199,USD,SELL,MOCK_TRADING_ENGINE,2026-08-12T10:49:11.513000+00:00
d7716715-8985-4c63-b79f-cd1d2836c024,TRD-ED981A83F714,1,CP_FUND_A,MSFT,2026-08-12,2027-07-26,7910,1590.9278,JPY,BUY,MOCK_TRADING_ENGINE,2026-08-12T10:49:11.514000+00:00
e8d11fae-fce1-437c-b776-2a5aa35a1e76,TRD-78C95AAD638E,1,CP_BANK_A,AAPL,2026-08-12,2027-07-25,6636,1472.9045,JPY,BUY,MOCK_TRADING_ENGINE,2026-08-12T10:49:11.515000+00:00
30c974e4-2be9-4e19-a80a-0fbc42319d84,TRD-8769CEB2822A,1,CP_CORP_A,EURUSD,2026-08-12,2026-07-28,4562,2295.8953,GBP,BUY,MOCK_TRADING_ENGINE,2026-08-12T10:49:11.516000+00:00
4e47bcc1-9cf9-4e98-aba5-afa44f58be3b,TRD-BC7A5A0E0AF1,1,CP_BANK_B,GBPUSD,2026-08-12,2026-12-31,5527,260.7539,JPY,SELL,MOCK_TRADING_ENGINE,2026-08-12T10:49:11.517000+00:00
c04c8335-11fa-48ec-afc8-3d9a7d2dfc0f,TRD-23D17D73C960,1,CP_BANK_B,EURUSD,2026-08-12,2027-02-23,6506,559.1904,USD,SELL,MOCK_TRADING_ENGINE,2026-08-12T10:49:11.518000+00:00
1a624341-2289-4d65-afa3-99a5ccd93767,TRD-162E36ED5E63,1,CP_BANK_B,MSFT,2026-08-12,2026-11-27,5474,1817.2044,JPY,BUY,MOCK_TRADING_ENGINE,2026-08-12T10:49:11.519000+00:00
1afa536a-db18-4d73-9328-b10e1b05c666,TRD-0C4F272969E1,1,CP_BANK_A,AAPL,2026-08-12,2027-02-12,841,263.3208,EUR,BUY,MOCK_TRADING_ENGINE,2026-08-12T10:49:11.520000+00:00
c82bfdef-080e-4f44-8622-517627ca2bcc,TRD-98D91DD77A67,1,CP_BANK_A,US10Y,2026-08-12,2027-07-04,1043,562.4537,JPY,BUY,MOCK_TRADING_ENGINE,2026-08-12T10:49:11.521000+00:00
fd43729e-c750-4494-8052-15f30633fdaf,TRD-A9213122C05A,1,CP_FUND_A,AAPL,2026-08-12,2027-03-27,3816,2451.2098,GBP,SELL,MOCK_TRADING_ENGINE,2026-08-12T10:49:11.522000+00:00
55174e59-bcbd-4568-ba75-c69698ec59f8,TRD-ECABAF70FB87,1,CP_BANK_A,MSFT,2026-08-12,2027-02-22,8777,2288.1905,USD,SELL,MOCK_TRADING_ENGINE,2026-08-12T10:49:11.523000+00:00
f63c9d55-d715-430b-b2eb-1bccc35c36f2,TRD-B642D2006EBE,1,CP_CORP_A,USDJPY,2026-08-12,2027-08-11,5739,2493.7708,USD,SELL,MOCK_TRADING_ENGINE,2026-08-12T10:49:11.524000+00:00
38f24b54-7d35-4adb-84e0-8b4cf721bccd,TRD-1A5F232A49D4,1,CP_BANK_A,EURUSD,2026-08-12,2026-12-16,9823,256.2804,EUR,BUY,MOCK_TRADING_ENGINE,2026-08-12T10:49:11.525000+00:00
5403476b-3f00-4ea0-963c-98810eb17176,TRD-C7E1F71033DC,1,CP_BANK_B,MSFT,2026-08-12,2027-06-10,165,1524.4468,EUR,SELL,MOCK_TRADING_ENGINE,2026-08-12T10:49:11.526000+00:00
85edf591-bd19-4230-9dc8-2061b6e37fce,TRD-26871D145301,1,CP_BANK_A,GBPUSD,2026-08-12,2027-05-02,1746,1563.2405,USD,SELL,MOCK_TRADING_ENGINE,2026-08-12T10:49:11.527000+00:00
547cc88d-e9a9-4f69-ae71-b933e1244e83,TRD-C525C2313F08,1,CP_BANK_B,MSFT,2026-08-12,2027-07-18,5563,1746.5964,USD,BUY,MOCK_TRADING_ENGINE,2026-08-12T10:49:11.528000+00:00
cf2ca9de-6284-4e87-9f90-11f188f98ea3,TRD-2DB993D5C47A,1,CP_BANK_A,MSFT,2026-08-12,2027-05-10,1092,2395.3859,USD,SELL,MOCK_TRADING_ENGINE,2026-08-12T10:49:11.529000+00:00
8d1ac753-5d4b-4edd-9ba3-43726664953d,TRD-1D04CC043EEF,1,CP_BANK_B,MSFT,2026-08-12,2027-02-16,8349,1652.0401,GBP,SELL,MOCK_TRADING_ENGINE,2026-08-12T10:49:11.530000+00:00
04fce517-3361-4219-89d0-06d0b16801cf,TRD-D8991AB3FF99,1,CP_FUND_A,MSFT,2026-08-12,2026-09-23,3705,2017.7329,EUR,BUY,MOCK_TRADING_ENGINE,2026-08-12T10:49:11.531000+00:00
4dd9a423-9530-46cc-81b3-b68b45733b19,TRD-FFE380C82829,1,CP_BANK_B,MSFT,2026-08-12,2027-01-02,9552,1044.0347,GBP,BUY,MOCK_TRADING_ENGINE,2026-08-12T10:49:11.532000+00:00
1f4378a9-b5ac-4873-92ce-27decd7e3d34,TRD-E137FF4E21EB,1,CP_CORP_A,GBPUSD,2026-08-12,2026-11-27,5351,943.2318,GBP,BUY,MOCK_TRADING_ENGINE,2026-08-12T10:49:11.533000+00:00
b91fc925-61ee-4cd0-ac97-cf674e02b291,TRD-1FD2BE80253F,1,CP_FUND_A,MSFT,2026-08-12,2026-07-16,994,1024.6135,JPY,BUY,MOCK_TRADING_ENGINE,2026-08-12T10:49:11.534000+00:00
b122ebc4-4321-4adc-b733-b04f3bfa2d8f,TRD-3CCFBD2D70BB,1,CP_BANK_A,MSFT,2026-08-12,2026-09-27,968,1486.8029,JPY,BUY,MOCK_TRADING_ENGINE,2026-08-12T10:49:11.535000+00:00
484b7b71-cc96-4cd9-89d4-f9826b2a0199,TRD-6BDB8E77A2F7,1,CP_CORP_A,GBPUSD,2026-08-12,2026-08-27,5884,225.0616,GBP,SELL,MOCK_TRADING_ENGINE,2026-08-12T10:49:11.536000+00:00
3146c4b1-34fd-45e1-b95d-8914a41b9951,TRD-A74225D35F5D,1,CP_FUND_A,USDJPY,2026-08-12,2027-03-01,6324,1907.2268,GBP,BUY,MOCK_TRADING_ENGINE,2026-08-12T10:49:11.537000+00:00
09b410ff-95e1-4198-995d-dd25ec0b2874,TRD-24CB1FADAE57,1,CP_FUND_A,US10Y,2026-08-12,2026-08-05,1701,299.3855,JPY,BUY,MOCK_TRADING_ENGINE,2026-08-12T10:49:11.538000+00:00
de64b7ad-22a3-4097-a990-840ce95eee97,TRD-2D71177102AF,1,CP_CORP_A,GBPUSD,2026-08-12,2027-07-30,735,2410.795,USD,SELL,MOCK_TRADING_ENGINE,2026-08-12T10:49:11.539000+00:00
8675f244-76cc-40d9-a0ac-4e063240935c,TRD-EC0689E7D31E,1,CP_CORP_A,MSFT,2026-08-12,2027-03-26,3615,1588.2675,EUR,BUY,MOCK_TRADING_ENGINE,2026-08-12T10:49:11.540000+00:00
e68c5ab7-1e20-41a0-8f5b-466dcf047bff,TRD-079CB834569F,1,CP_FUND_A,MSFT,2026-08-12,2027-01-17,7338,411.191,GBP,SELL,MOCK_TRADING_ENGINE,2026-08-12T10:49:11.541000+00:00
03b72758-62e9-48c7-8850-d8942dd4a5b7,TRD-69B047BE744B,1,CP_BANK_A,EURUSD,2026-08-12,2027-03-27,4876,1114.4881,USD,BUY,MOCK_TRADING_ENGINE,2026-08-12T10:49:11.542000+00:00
b6209fb9-74d1-4c90-a459-f6e9a2e3d97d,TRD-E9710B9C7E63,1,CP_CORP_A,MSFT,2026-08-12,2027-04-10,970,2456.8341,JPY,BUY,MOCK_TRADING_ENGINE,2026-08-12T10:49:11.543000+00:00
84d3cf47-303d-448e-817a-5584e2710210,TRD-0E0CC63DF866,1,CP_BANK_B,US10Y,2026-08-12,2027-01-23,7716,404.4345,USD,SELL,MOCK_TRADING_ENGINE,2026-08-12T10:49:11.544000+00:00
64071eb1-4a71-4804-a92a-5f2d3a0c37e3,TRD-65261B5DD1D2,1,CP_CORP_A,MSFT,2026-08-12,2026-09-18,8817,32.3913,EUR,SELL,MOCK_TRADING_ENGINE,2026-08-12T10:49:11.545000+00:00
82d24bbc-a5fd-4db9-87c8-f8d6e52460e9,TRD-38A0A65B3A3E,1,CP_FUND_A,US10Y,2026-08-12,2027-07-23,6324,453.2626,GBP,BUY,MOCK_TRADING_ENGINE,2026-08-12T10:49:11.546000+00:00
2f2d2bd2-1323-4f53-82d1-8fad251c8200,TRD-1B44FB66D4AE,1,CP_FUND_A,GBPUSD,2026-08-12,2027-04-11,40,1384.5434,USD,BUY,MOCK_TRADING_ENGINE,2026-08-12T10:49:11.547000+00:00
033611b0-de20-4d49-98dc-7b334b8b8d76,TRD-ADE933F09524,1,CP_BANK_B,USDJPY,2026-08-12,2027-07-16,6733,997.4743,EUR,SELL,MOCK_TRADING_ENGINE,2026-08-12T10:49:11.548000+00:00
f3eb8d80-c147-4cd6-b76e-2eb358320dfa,TRD-8C53D26A497D,1,CP_BANK_B,US10Y,2026-08-12,2027-04-21,7713,526.4379,JPY,SELL,MOCK_TRADING_ENGINE,2026-08-12T10:49:11.549000+00:00
60336d05-0619-4d1b-ab96-21a665d56fbb,TRD-BBC8E4B90FCC,1,CP_BANK_A,EURUSD,2026-08-12,2027-02-19,1785,2263.6701,JPY,SELL,MOCK_TRADING_ENGINE,2026-08-12T10:49:11.550000+00:00
a8e1ab17-3932-44de-bc54-d51d30d88548,TRD-9CA4A2C1AD7E,1,CP_BANK_A,GBPUSD,2026-08-12,2026-09-12,241,2176.8535,USD,BUY,MOCK_TRADING_ENGINE,2026-08-12T10:49:11.551000+00:00
c6ca75df-155e-4624-8e64-6b396b0c4896,TRD-677DA44D6F5D,1,CP_CORP_A,US10Y,2026-08-12,2027-07-24,9294,51.9825,EUR,BUY,MOCK_TRADING_ENGINE,2026-08-12T10:49:11.552000+00:00
4bb1616c-2916-4729-8f44-057adab9074b,TRD-EFB0C90DD882,1,CP_BANK_A,MSFT,2026-08-12,2027-05-28,5258,638.4421,EUR,BUY,MOCK_TRADING_ENGINE,2026-08-12T10:49:11.553000+00:00
ea8f2ce4-4db2-479b-8399-e0940d323280,TRD-1E6ADE7240C6,1,CP_CORP_A,AAPL,2026-08-12,2027-07-22,2207,2198.0522,JPY,SELL,MOCK_TRADING_ENGINE,2026-08-12T10:49:11.554000+00:00
2d7178b6-e1fb-453a-92ec-d0d751f0cc91,TRD-CCA2BBD99DFD,1,CP_CORP_A,MSFT,2026-08-12,2027-03-07,7817,1853.9643,JPY,BUY,MOCK_TRADING_ENGINE,2026-08-12T10:49:11.555000+00:00
0fc7cc46-8a99-406b-8d28-4ed2fd7f5f7a,TRD-177C59271048,1,CP_BANK_A,GBPUSD,2026-08-12,2026-09-22,1110,1777.1181,USD,BUY,MOCK_TRADING_ENGINE,2026-08-12T10:49:11.556000+00:00
ea4f72a3-8d19-4682-b1d1-334e711cdcc7,TRD-5E335FF98B3A,1,CP_FUND_A,MSFT,2026-08-12,2026-08-20,6813,1608.1594,EUR,SELL,MOCK_TRADING_ENGINE,2026-08-12T10:49:11.557000+00:00
723139d3-ef27-4b0f-9cb1-fa58e52532cd,TRD-D75B282F4711,1,CP_BANK_A,US10Y,2026-08-12,2026-09-27,4669,273.3419,USD,BUY,MOCK_TRADING_ENGINE,2026-08-12T10:49:11.558000+00:00
08fc55d8-0c2a-4e37-bd7a-75a65f644498,TRD-EE7335492BEE,1,CP_CORP_A,USDJPY,2026-08-12,2027-05-12,5246,126.4163,JPY,BUY,MOCK_TRADING_ENGINE,2026-08-12T10:49:11.559000+00:00
a7fd5474-457c-4c12-86c7-e7b2825c3d10,TRD-D093B5325F84,1,CP_BANK_B,USDJPY,2026-08-12,2027-02-12,3347,1788.0142,EUR,BUY,MOCK_TRADING_ENGINE,2026-08-12T10:49:11.560000+00:00
ad33ad80-f4ce-4057-ac1c-5cc84f1effc1,TRD-96A8DA2320ED,1,CP_BANK_A,USDJPY,2026-08-12,2026-09-12,4145,1953.5499,EUR,SELL,MOCK_TRADING_ENGINE,2026-08-12T10:49:11.561000+00:00
7f77ebd9-eb9e-4636-ab6f-2566677311e3,TRD-344344B988D3,1,CP_BANK_A,MSFT,2026-08-12,2027-03-05,597,1202.9447,EUR,BUY,MOCK_TRADING_ENGINE,2026-08-12T10:49:11.562000+00:00
13e85011-87bf-4775-a28c-201afa919a7a,TRD-FE037536D3E7,1,CP_CORP_A,AAPL,2026-08-12,2027-06-20,6016,2174.2823,EUR,SELL,MOCK_TRADING_ENGINE,2026-08-12T10:49:11.563000+00:00
a2c4711d-1fc2-4190-a3fe-8de8514da834,TRD-3618E2A02356,0,CP_BANK_A,MSFT,2026-08-12,2027-03-06,9274,2101.0123,EUR,BUY,MOCK_TRADING_ENGINE,2026-08-12T10:49:11.564000+00:00
5f285d2f-0502-4a22-a259-2d2207b2337a,TRD-47213B571F52,1,CP_CORP_A,GBPUSD,2026-08-12,2026-12-27,4925,1390.433,EUR,SELL,MOCK_TRADING_ENGINE,2026-08-12T10:49:11.565000+00:00
8787a49a-d38a-455a-b86a-e74046dcd6fa,TRD-ED44A170E396,0,CP_BANK_A,EURUSD,2026-08-12,2027-06-29,8875,900.0541,EUR,SELL,MOCK_TRADING_ENGINE,2026-08-12T10:49:11.566000+00:00
54238928-e53b-4148-a553-eb4c0d89c16f,TRD-91DE1F6FF0FD,1,CP_BANK_A,EURUSD,2026-08-12,2026-12-09,9972,2027.7336,GBP,SELL,MOCK_TRADING_ENGINE,2026-08-12T10:49:11.567000+00:00
105fde2b-a05e-46a4-9e5d-6ac37a7e88c0,TRD-ED6433F71608,1,CP_CORP_A,MSFT,2026-08-12,2027-03-19,3368,1096.3588,JPY,SELL,MOCK_TRADING_ENGINE,2026-08-12T10:49:11.568000+00:00
ca1bab17-eade-4616-89ab-b22e77e2a897,TRD-E391191B5161,1,CP_FUND_A,AAPL,2026-08-12,2026-12-12,2330,1878.3363,USD,SELL,MOCK_TRADING_ENGINE,2026-08-12T10:49:11.569000+00:00
cdefbb2d-c534-4184-8b38-6fbc99bb81c8,TRD-7A8E45033ECE,1,CP_CORP_A,US10Y,2026-08-12,2027-06-09,6493,1617.8405,USD,BUY,MOCK_TRADING_ENGINE,2026-08-12T10:49:11.570000+00:00
c53c9de1-08b6-4522-af76-71db1fb4280d,TRD-BE2DCE26E068,1,CP_BANK_B,AAPL,2026-08-12,2027-06-22,88,1015.7438,JPY,BUY,MOCK_TRADING_ENGINE,2026-08-12T10:49:11.571000+00:00
d2393d9c-d908-40ae-ac22-f4900b25ecfb,TRD-09914B559E13,1,CP_FUND_A,USDJPY,2026-08-12,2026-10-26,5529,1098.9354,EUR,BUY,MOCK_TRADING_ENGINE,2026-08-12T10:49:11.572000+00:00
1e9ea6b6-bf34-4ef4-8369-6f0fe6a1f62e,TRD-73660CF14E06,1,CP_FUND_A,US10Y,2026-08-12,2026-12-27,180,1073.2838,USD,BUY,MOCK_TRADING_ENGINE,2026-08-12T10:49:11.573000+00:00
a4950956-7786-4093-bb8b-70a2ac7309ee,TRD-04FBA5D9359A,1,CP_FUND_A,EURUSD,2026-08-12,2026-09-05,7610,1183.2991,USD,SELL,MOCK_TRADING_ENGINE,2026-08-12T10:49:11.574000+00:00
efd197a1-fbe0-4d3d-a0af-cb9f7a165eb9,TRD-152346B24C79,1,CP_FUND_A,USDJPY,2026-08-12,2026-10-07,8993,2187.8726,EUR,BUY,MOCK_TRADING_ENGINE,2026-08-12T10:49:11.575000+00:00
4ffeb2c0-cc5b-49bc-b5dd-fcb497487e05,TRD-B994F967A922,1,CP_CORP_A,MSFT,2026-08-12,2026-08-21,4172,2299.6042,GBP,BUY,MOCK_TRADING_ENGINE,2026-08-12T10:49:11.576000+00:00
57fa6158-05fe-42d0-8b05-de293a640e80,TRD-4B02AF76095A,1,CP_BANK_A,AAPL,2026-08-12,2026-12-04,8103,1671.0545,GBP,SELL,MOCK_TRADING_ENGINE,2026-08-12T10:49:11.577000+00:00
65381796-1087-4a9f-bee2-4b439b8a4aac,TRD-722EFC9665A3,1,CP_BANK_B,MSFT,2026-08-12,2026-11-04,5352,1379.3493,JPY,SELL,MOCK_TRADING_ENGINE,2026-08-12T10:49:11.578000+00:00
60dcc9c3-4622-4d13-96d6-f4aa68c09014,TRD-8878819FF4BC,1,CP_BANK_A,US10Y,2026-08-12,2027-04-09,386,2339.0162,GBP,SELL,MOCK_TRADING_ENGINE,2026-08-12T10:49:11.579000+00:00
cc909945-f38d-4e0d-8dc1-d09aca188de1,TRD-9A15293440F5,0,CP_FUND_A,USDJPY,2026-08-12,2026-11-30,5348,1306.5935,GBP,SELL,MOCK_TRADING_ENGINE,2026-08-12T10:49:11.580000+00:00
3b4a2d08-9de1-4897-9842-ca4e738c01b9,TRD-CEE6685FA093,1,CP_BANK_A,EURUSD,2026-08-12,2026-10-20,1569,1501.8455,GBP,BUY,MOCK_TRADING_ENGINE,2026-08-12T10:49:11.581000+00:00
ce868041-e7b9-47ac-b077-2730fcaec920,TRD-7AEC52ECD0FD,1,CP_CORP_A,USDJPY,2026-08-12,2027-04-21,2916,1455.0569,GBP,SELL,MOCK_TRADING_ENGINE,2026-08-12T10:49:11.582000+00:00
f9f0c94b-d722-4574-a7ba-4dd5addfc5fb,TRD-D7B397EB2914,1,CP_CORP_A,MSFT,2026-08-12,2026-08-30,814,92.032,JPY,SELL,MOCK_TRADING_ENGINE,2026-08-12T10:49:11.583000+00:00
c444fd1c-2cdd-4f93-b8a2-09bebfa7037b,TRD-2485778CDAEE,1,CP_FUND_A,GBPUSD,2026-08-12,2027-06-11,700,1914.9592,USD,SELL,MOCK_TRADING_ENGINE,2026-08-12T10:49:11.584000+00:00
d7547623-2b41-4a04-a23c-cc9ade2bbba8,TRD-D8F4B751A13D,1,CP_BANK_A,EURUSD,2026-08-12,2026-11-03,2070,1664.8695,JPY,BUY,MOCK_TRADING_ENGINE,2026-08-12T10:49:11.585000+00:00
06d90567-ef73-40cc-b181-2ff3b7b3051d,TRD-42184AB142FE,1,CP_BANK_B,US10Y,2026-08-12,2027-01-31,3739,1517.5076,GBP,BUY,MOCK_TRADING_ENGINE,2026-08-12T10:49:11.586000+00:00
8797cac9-d62a-4cb3-9a50-211bd4a63d3b,TRD-BD55382CAE71,1,CP_BANK_B,USDJPY,2026-08-12,2027-07-13,2547,844.6296,USD,SELL,MOCK_TRADING_ENGINE,2026-08-12T10:49:11.587000+00:00
85541c2b-753b-48d9-8220-3a053bdcc883,TRD-EC0689E7D31E,0,CP_FUND_A,AAPL,2026-08-12,2027-07-06,724,1360.803,EUR,BUY,MOCK_TRADING_ENGINE,2026-08-12T10:49:11.588000+00:00
9c8a342e-9b10-4d22-9026-c88803810aa7,TRD-952C3912C224,1,CP_BANK_A,MSFT,2026-08-12,2027-05-12,2939,790.8994,USD,BUY,MOCK_TRADING_ENGINE,2026-08-12T10:49:11.589000+00:00
f6515bb3-dbcd-4912-a746-92c27b8ec670,TRD-1C6588D799E3,1,CP_BANK_B,US10Y,2026-08-12,2026-10-06,4602,886.4335,JPY,SELL,MOCK_TRADING_ENGINE,2026-08-12T10:49:11.590000+00:00
fe54979a-6e59-4ec8-8574-c78f1860ee2d,TRD-0EFB9D839EC5,1,CP_BANK_B,USDJPY,2026-08-12,2027-04-08,9772,1090.0033,EUR,SELL,MOCK_TRADING_ENGINE,2026-08-12T10:49:11.591000+00:00
d3af6b3e-1ac0-4b31-957c-78666d87f862,TRD-66B8332DE7E9,1,CP_BANK_B,EURUSD,2026-08-12,2026-08-18,1773,396.0421,EUR,BUY,MOCK_TRADING_ENGINE,2026-08-12T10:49:11.592000+00:00
a049f76c-3032-4466-a024-bcfae15183f1,TRD-C2855B77D974,1,CP_FUND_A,EURUSD,2026-08-12,2026-11-03,4892,331.972,JPY,BUY,MOCK_TRADING_ENGINE,2026-08-12T10:49:11.593000+00:00
93ba5983-8a9d-44ba-9bf7-3fd67295c5ec,TRD-C78F06764EDE,1,CP_BANK_B,EURUSD,2026-08-12,2027-07-27,6557,834.572,USD,BUY,MOCK_TRADING_ENGINE,2026-08-12T10:49:11.594000+00:00
9b608cbc-16d3-4d50-b0c8-3cb482958ed3,TRD-1B89D813CDBF,1,CP_FUND_A,EURUSD,2026-08-12,2027-04-13,5753,1233.1342,USD,BUY,MOCK_TRADING_ENGINE,2026-08-12T10:49:11.595000+00:00
fb819167-69d8-42cd-a10b-1d5da10a84a6,TRD-C959D465AA81,1,CP_BANK_B,US10Y,2026-08-12,2026-07-28,8020,241.4608,JPY,BUY,MOCK_TRADING_ENGINE,2026-08-12T10:49:11.596000+00:00
34c315c2-a15c-4bd8-a17f-2c4b880af51b,TRD-3AB81617B157,1,CP_BANK_B,MSFT,2026-08-12,2027-01-06,3854,535.3575,EUR,BUY,MOCK_TRADING_ENGINE,2026-08-12T10:49:11.597000+00:00
787042c2-3213-4cc5-a18b-cc19559abd91,TRD-6DD378AACE25,1,CP_FUND_A,MSFT,2026-08-12,2026-10-02,5371,839.6961,JPY,BUY,MOCK_TRADING_ENGINE,2026-08-12T10:49:11.598000+00:00
48a7ebfd-97eb-41f7-a6d3-ceb366fbcc28,TRD-48195E6D853F,1,CP_BANK_B,EURUSD,2026-08-12,2026-08-25,6932,2403.2391,USD,SELL,MOCK_TRADING_ENGINE,2026-08-12T10:49:11.599000+00:00
4f98fc65-56d3-4c1b-8772-e06faeb5790a,TRD-4AE6AC232E82,1,CP_BANK_B,EURUSD,2026-08-12,2026-09-03,4774,243.4841,EUR,SELL,MOCK_TRADING_ENGINE,2026-08-12T10:49:11.600000+00:00
4b11e872-3b04-409d-86ec-43bc94f7c0cd,TRD-618310FE86B7,1,CP_FUND_A,US10Y,2026-08-12,2026-12-02,5599,1006.431,JPY,BUY,MOCK_TRADING_ENGINE,2026-08-12T10:49:11.601000+00:00
47d31ccb-9dd9-4ddb-bc07-975dc8b5145d,TRD-5E8063A9F67D,1,CP_FUND_A,AAPL,2026-08-12,2026-11-03,2417,819.8611,JPY,SELL,MOCK_TRADING_ENGINE,2026-08-12T10:49:11.602000+00:00
7032b92a-408d-428d-8d70-688acc18d4b3,TRD-21D5FBF05E97,1,CP_BANK_A,USDJPY,2026-08-12,2027-03-26,4933,945.1728,EUR,SELL,MOCK_TRADING_ENGINE,2026-08-12T10:49:11.603000+00:00
5763e4fa-b251-423b-9ca7-7f3b9d05b82c,TRD-89F123C8D40B,1,CP_CORP_A,EURUSD,2026-08-12,2026-08-29,6988,1921.5072,USD,SELL,MOCK_TRADING_ENGINE,2026-08-12T10:49:11.604000+00:00
150e5cd3-4377-4e11-b92c-d6e3a9ac3629,TRD-F5A05E7E9CBB,1,CP_BANK_A,MSFT,2026-08-12,2026-10-27,150,1944.2776,JPY,SELL,MOCK_TRADING_ENGINE,2026-08-12T10:49:11.605000+00:00
86770065-70e2-4064-a842-f15335303e05,TRD-AF3843F763AF,1,CP_BANK_A,EURUSD,2026-08-12,2026-11-15,5811,1771.6884,GBP,SELL,MOCK_TRADING_ENGINE,2026-08-12T10:49:11.606000+00:00
60cf0d11-90bc-474d-b6f2-8fdc1d22f3cc,TRD-EA1DD989A336,1,CP_CORP_A,US10Y,2026-08-12,2026-11-27,5455,2064.6963,GBP,SELL,MOCK_TRADING_ENGINE,2026-08-12T10:49:11.607000+00:00
dbdff1ba-947a-4476-baa1-21f3c95fd289,TRD-B9AE56D0E81E,1,CP_FUND_A,GBPUSD,2026-08-12,2026-11-01,576,2239.1766,EUR,SELL,MOCK_TRADING_ENGINE,2026-08-12T10:49:11.608000+00:00
7a15bf1b-e2b8-4cd7-bf4e-a4107c092661,TRD-E729C25C1BE5,1,CP_FUND_A,US10Y,2026-08-12,2027-05-26,963,93.7471,USD,SELL,MOCK_TRADING_ENGINE,2026-08-12T10:49:11.609000+00:00
cebe3475-0f12-495c-87b5-9961e74d79a7,TRD-84FEA9F98633,1,CP_BANK_B,USDJPY,2026-08-12,2027-01-31,1731,2358.8078,GBP,SELL,MOCK_TRADING_ENGINE,2026-08-12T10:49:11.610000+00:00
7b642d4e-74d5-496f-94df-dc3c65bcafc8,TRD-79D253FBBDDF,1,CP_BANK_A,MSFT,2026-08-12,2027-01-11,5051,762.7332,USD,SELL,MOCK_TRADING_ENGINE,2026-08-12T10:49:11.611000+00:00
65ebfdb1-4d25-4b0b-bc6e-ab3af2e90bd8,TRD-B6F61E799C18,1,CP_FUND_A,MSFT,2026-08-12,2026-12-23,5104,984.4324,JPY,BUY,MOCK_TRADING_ENGINE,2026-08-12T10:49:11.612000+00:00
b28e5fb8-6171-4203-9c54-9580f88aecf7,TRD-0B441644A967,0,CP_FUND_A,GBPUSD,2026-08-12,2027-04-11,5599,1260.549,JPY,BUY,MOCK_TRADING_ENGINE,2026-08-12T10:49:11.613000+00:00
6d73e521-f8ac-460e-aadc-097a2e017362,TRD-1742074DA027,1,CP_CORP_A,GBPUSD,2026-08-12,2026-11-03,9973,1009.9896,USD,SELL,MOCK_TRADING_ENGINE,2026-08-12T10:49:11.614000+00:00
db769e48-1881-434a-ad1d-568fc0d98d94,TRD-0288AB25DA45,1,CP_FUND_A,EURUSD,2026-08-12,2027-08-08,4089,1185.1318,JPY,BUY,MOCK_TRADING_ENGINE,2026-08-12T10:49:11.615000+00:00
f33921e1-ae1e-44c0-9077-6f87632b7679,TRD-0758202A3C19,1,CP_BANK_A,US10Y,2026-08-12,2027-06-19,5990,688.1735,EUR,SELL,MOCK_TRADING_ENGINE,2026-08-12T10:49:11.616000+00:00
03c3bb0c-9400-49a6-959a-6a1225d966cc,TRD-213E52DADE21,1,CP_BANK_A,US10Y,2026-08-12,2026-07-28,6189,199.4227,USD,SELL,MOCK_TRADING_ENGINE,2026-08-12T10:49:11.617000+00:00
18a7235b-4498-425c-a66a-277b6baf1436,TRD-9F37C7071B96,1,CP_BANK_A,EURUSD,2026-08-12,2027-07-06,8269,1944.6508,EUR,BUY,MOCK_TRADING_ENGINE,2026-08-12T10:49:11.618000+00:00
16e9637f-76bf-44be-95b7-02d8b6fafb21,TRD-06630BD031A5,1,CP_CORP_A,EURUSD,2026-08-12,2026-08-19,5177,1122.2608,EUR,SELL,MOCK_TRADING_ENGINE,2026-08-12T10:49:11.619000+00:00
8ee17818-7b55-45f6-ab6f-8de7ec973c7d,TRD-A323E8013D5A,1,CP_BANK_B,GBPUSD,2026-08-12,2026-12-03,492,1827.634,EUR,BUY,MOCK_TRADING_ENGINE,2026-08-12T10:49:11.620000+00:00
5c3490b1-2882-4e7a-87f9-14ec97a3850c,TRD-ED4D241DE6C5,1,CP_CORP_A,EURUSD,2026-08-12,2026-10-21,1568,266.822,USD,SELL,MOCK_TRADING_ENGINE,2026-08-12T10:49:11.621000+00:00
84e7a609-e5c3-4c97-ae52-9c2cd805e1b4,TRD-1D7624BEE607,1,CP_FUND_A,EURUSD,2026-08-12,2027-01-07,7443,1727.9383,GBP,SELL,MOCK_TRADING_ENGINE,2026-08-12T10:49:11.622000+00:00
addbf9d1-6ba2-4374-8973-c0dcfca095db,TRD-ED2A98467392,1,CP_CORP_A,EURUSD,2026-08-12,2027-02-16,9766,912.0767,USD,BUY,MOCK_TRADING_ENGINE,2026-08-12T10:49:11.623000+00:00
a128c1fc-64a6-4f3a-ae90-f98942835adc,TRD-C7CDA9956F1E,1,CP_FUND_A,US10Y,2026-08-12,2027-04-18,9109,2026.8468,JPY,SELL,MOCK_TRADING_ENGINE,2026-08-12T10:49:11.624000+00:00
6a0e5066-420f-43c2-8f66-6725be031056,TRD-F1F6F2990CED,1,CP_BANK_B,US10Y,2026-08-12,2027-04-28,8176,83.3251,USD,BUY,MOCK_TRADING_ENGINE,2026-08-12T10:49:11.625000+00:00
5c1b7b66-ff2f-461b-bcd7-81a6d7f4c4c8,TRD-6EC6F31B9FB4,1,CP_BANK_A,USDJPY,2026-08-12,2026-09-22,2911,375.0736,JPY,SELL,MOCK_TRADING_ENGINE,2026-08-12T10:49:11.626000+00:00
e3ead8d3-4bfd-49b4-989e-670b368148a4,TRD-921B9E4A6EA5,1,CP_CORP_A,US10Y,2026-08-12,2027-05-20,198,169.8694,JPY,SELL,MOCK_TRADING_ENGINE,2026-08-12T10:49:11.627000+00:00
662f5377-d84e-4243-81e0-ad55981aa646,TRD-66AEF000C4FA,1,CP_BANK_A,MSFT,2026-08-12,2027-04-03,9720,839.7525,EUR,BUY,MOCK_TRADING_ENGINE,2026-08-12T10:49:11.628000+00:00
93c13895-46dd-43fb-b913-83b281a44fdb,TRD-16FA109D6C73,1,CP_FUND_A,GBPUSD,2026-08-12,2026-10-12,8659,584.7587,EUR,BUY,MOCK_TRADING_ENGINE,2026-08-12T10:49:11.629000+00:00
0fb17f3d-90d4-4ef0-b530-e0a691ec7724,TRD-2F2804040E5D,1,CP_BANK_B,MSFT,2026-08-12,2026-11-12,2258,631.6972,USD,SELL,MOCK_TRADING_ENGINE,2026-08-12T10:49:11.630000+00:00
fc144fa1-2fcb-4633-9b6d-5c6b77247469,TRD-50CB6A6C21AA,1,CP_CORP_A,US10Y,2026-08-12,2027-01-08,498,2092.6996,USD,BUY,MOCK_TRADING_ENGINE,2026-08-12T10:49:11.631000+00:00
8b6bbdc4-f1bb-4508-9369-75dfc0319498,TRD-A5780C3D4382,1,CP_FUND_A,GBPUSD,2026-08-12,2027-06-13,7850,1617.307,EUR,SELL,MOCK_TRADING_ENGINE,2026-08-12T10:49:11.632000+00:00
5508d2d2-bf65-4ede-be1f-d1715399d348,TRD-742D52F6B4C5,1,CP_BANK_A,AAPL,2026-08-12,2027-07-06,1449,1060.8929,EUR,SELL,MOCK_TRADING_ENGINE,2026-08-12T10:49:11.633000+00:00
593aba64-a318-430c-8122-2ba623c34ae0,TRD-FAE61837B785,1,CP_BANK_A,GBPUSD,2026-08-12,2027-03-12,5069,2106.7019,USD,SELL,MOCK_TRADING_ENGINE,2026-08-12T10:49:11.634000+00:00
53f1e0d6-53bd-46a4-92fc-1c2478383a13,TRD-6FE674A449AD,1,CP_BANK_B,USDJPY,2026-08-12,2027-06-11,8548,1873.5593,JPY,BUY,MOCK_TRADING_ENGINE,2026-08-12T10:49:11.635000+00:00
2d11b515-b4a1-48b0-9948-4cc4b98f3f77,TRD-8269BD833107,1,CP_BANK_B,EURUSD,2026-08-12,2026-10-11,6014,1423.156,JPY,BUY,MOCK_TRADING_ENGINE,2026-08-12T10:49:11.636000+00:00
42bece35-5589-45d0-a8e5-039800e00812,TRD-AA053C1BC103,1,CP_BANK_B,AAPL,2026-08-12,2027-06-20,6866,2361.0065,USD,BUY,MOCK_TRADING_ENGINE,2026-08-12T10:49:11.637000+00:00
b2b4e9c9-be37-4de5-a8a1-5fd420b79488,TRD-30221C9AE8D9,1,CP_BANK_A,USDJPY,2026-08-12,2026-12-15,8515,1977.774,JPY,BUY,MOCK_TRADING_ENGINE,2026-08-12T10:49:11.638000+00:00
5c7fbfdc-b24c-40d6-9917-9848b1f8a781,TRD-1DC0C708BD9A,1,CP_BANK_A,US10Y,2026-08-12,2027-03-02,373,2012.1024,GBP,SELL,MOCK_TRADING_ENGINE,2026-08-12T10:49:11.639000+00:00
92c6a5e8-29d1-4b78-b660-b14a3dafa883,TRD-4F0FDCA2BC2B,1,CP_CORP_A,US10Y,2026-08-12,2026-12-19,581,1250.5336,EUR,BUY,MOCK_TRADING_ENGINE,2026-08-12T10:49:11.640000+00:00
53601c12-67ee-459e-81db-14f9f08c58da,TRD-7CB6EBC17E63,1,CP_BANK_B,USDJPY,2026-08-12,2027-03-09,3866,304.2582,USD,BUY,MOCK_TRADING_ENGINE,2026-08-12T10:49:11.641000+00:00
3e7bbccf-2092-4d90-b11c-b86eff5b7321,TRD-977FE65C8EB6,1,CP_BANK_A,USDJPY,2026-08-12,2027-07-06,325,1540.4095,JPY,SELL,MOCK_TRADING_ENGINE,2026-08-12T10:49:11.642000+00:00
2f142d4b-fe89-4dc1-a9cc-d82a5574d6de,TRD-F19799A520E9,1,CP_FUND_A,USDJPY,2026-08-12,2026-08-13,1876,159.3465,EUR,BUY,MOCK_TRADING_ENGINE,2026-08-12T10:49:11.643000+00:00
8f6fbbf7-8246-443f-b7f1-d79d83ab7915,TRD-C9A37BCF92F6,1,CP_FUND_A,US10Y,2026-08-12,2027-07-20,2044,1358.1059,USD,SELL,MOCK_TRADING_ENGINE,2026-08-12T10:49:11.644000+00:00
5cea3eba-e21d-4fef-bafb-6d09ca2d8c63,TRD-B091FD5BED34,1,CP_FUND_A,GBPUSD,2026-08-12,2026-07-26,1874,1704.3139,GBP,BUY,MOCK_TRADING_ENGINE,2026-08-12T10:49:11.645000+00:00
4bfb729c-16f3-4e11-9f56-0c4078330417,TRD-9739EB353FA6,1,CP_BANK_B,USDJPY,2026-08-12,2027-01-31,7255,1728.6961,GBP,BUY,MOCK_TRADING_ENGINE,2026-08-12T10:49:11.646000+00:00
9a6d6ffb-82ce-4589-9155-5f98c8a902b1,TRD-134181006E83,1,CP_BANK_A,USDJPY,2026-08-12,2027-04-26,3428,1266.3265,GBP,BUY,MOCK_TRADING_ENGINE,2026-08-12T10:49:11.647000+00:00
afd66d4b-59ef-4e0b-8b81-8f1b36a207a2,TRD-71B460C68BFC,1,CP_FUND_A,GBPUSD,2026-08-12,2027-03-08,4204,1216.2,EUR,SELL,MOCK_TRADING_ENGINE,2026-08-12T10:49:11.648000+00:00
8e337c1d-f7a8-4548-b0e0-1226a7ad4727,TRD-7C0D44BCEDEF,1,CP_BANK_B,USDJPY,2026-08-12,2027-06-30,4515,1979.1438,GBP,BUY,MOCK_TRADING_ENGINE,2026-08-12T10:49:11.649000+00:00
f4b324ae-8e50-4be1-a829-b14f5fe0f1d7,TRD-2CF23748B2AE,1,CP_BANK_B,USDJPY,2026-08-12,2027-06-23,4119,1368.107,EUR,BUY,MOCK_TRADING_ENGINE,2026-08-12T10:49:11.650000+00:00
a144d6fb-de54-45aa-b3a5-c4039d60963a,TRD-D4864CD623EB,1,CP_BANK_B,USDJPY,2026-08-12,2026-11-21,3412,1553.5592,EUR,BUY,MOCK_TRADING_ENGINE,2026-08-12T10:49:11.651000+00:00
d5c731ab-8aa8-4e3c-b479-b8386294fa77,TRD-E22E813130E7,1,CP_CORP_A,US10Y,2026-08-12,2027-07-30,5922,588.2069,GBP,SELL,MOCK_TRADING_ENGINE,2026-08-12T10:49:11.652000+00:00
df99a366-d316-4e6d-ae36-97658e60ed4d,TRD-DAB381D9058B,1,CP_CORP_A,MSFT,2026-08-12,2027-07-02,8551,434.8901,USD,SELL,MOCK_TRADING_ENGINE,2026-08-12T10:49:11.653000+00:00
c4244130-aa32-42f4-9448-129f7c2b6447,TRD-C469B2A3A523,1,CP_FUND_A,US10Y,2026-08-12,2027-06-28,1942,1427.7658,GBP,BUY,MOCK_TRADING_ENGINE,2026-08-12T10:49:11.654000+00:00
f6e4abf5-ff67-47a5-a525-299e2988a2e2,TRD-B695B225675D,1,CP_CORP_A,US10Y,2026-08-12,2026-08-27,1185,1549.9866,JPY,SELL,MOCK_TRADING_ENGINE,2026-08-12T10:49:11.655000+00:00
28968036-84b8-47d6-91ec-b608f59579e6,TRD-6285BEFD325D,1,CP_CORP_A,EURUSD,2026-08-12,2027-03-28,2127,99.7905,EUR,BUY,MOCK_TRADING_ENGINE,2026-08-12T10:49:11.656000+00:00
7cda422c-aaab-4227-90ec-c64e0b099330,TRD-BCA3F0C5A75D,1,CP_CORP_A,AAPL,2026-08-12,2026-07-21,5388,406.3547,GBP,BUY,MOCK_TRADING_ENGINE,2026-08-12T10:49:11.657000+00:00
ad46124d-4d5e-4a80-8aef-2afa23ca93b5,TRD-1BA8859EDF27,1,CP_BANK_B,USDJPY,2026-08-12,2027-03-06,8933,1296.5522,EUR,BUY,MOCK_TRADING_ENGINE,2026-08-12T10:49:11.658000+00:00
0173e197-83a0-43dd-97de-c5314c050cdd,TRD-6D2A6F929737,1,CP_BANK_B,MSFT,2026-08-12,2027-02-09,4880,678.8868,EUR,BUY,MOCK_TRADING_ENGINE,2026-08-12T10:49:11.659000+00:00
4b79e5a6-d731-48aa-90bf-ffdafaeca995,TRD-A41CC788233A,1,CP_CORP_A,EURUSD,2026-08-12,2026-11-18,3271,2171.211,JPY,BUY,MOCK_TRADING_ENGINE,2026-08-12T10:49:11.660000+00:00
34e1a138-b055-4f76-aae1-d6820bc7068b,TRD-C5EAF1A689A7,1,CP_BANK_A,US10Y,2026-08-12,2027-03-02,1174,104.4735,USD,BUY,MOCK_TRADING_ENGINE,2026-08-12T10:49:11.661000+00:00
52851908-b050-4c2f-aa96-91e49b837eaa,TRD-BE9A49A785CB,0,CP_BANK_A,MSFT,2026-08-12,2027-02-01,1179,841.597,USD,SELL,MOCK_TRADING_ENGINE,2026-08-12T10:49:11.662000+00:00
d7e228c1-aeca-4bbb-adbf-da2866ff1955,TRD-0926BEF8B977,1,CP_BANK_A,US10Y,2026-08-12,2026-08-29,8357,1875.3889,JPY,SELL,MOCK_TRADING_ENGINE,2026-08-12T10:49:11.663000+00:00
005445bd-20a1-4162-95b2-5d9a5f450360,TRD-09594A2EC6DE,1,CP_BANK_A,GBPUSD,2026-08-12,2027-02-27,7656,1752.9973,USD,BUY,MOCK_TRADING_ENGINE,2026-08-12T10:49:11.664000+00:00
b878d98c-d4cd-4091-923a-fcebc9aacb67,TRD-BDCAE73A3D97,1,CP_BANK_B,GBPUSD,2026-08-12,2027-04-14,9384,2068.9218,JPY,BUY,MOCK_TRADING_ENGINE,2026-08-12T10:49:11.665000+00:00
65739902-6d53-4ce5-a572-ac924fd7a29e,TRD-1301430CFE5D,1,CP_BANK_B,GBPUSD,2026-08-12,2027-06-21,1259,482.7965,GBP,BUY,MOCK_TRADING_ENGINE,2026-08-12T10:49:11.666000+00:00
da6897d4-98b3-4b73-9378-804d144ad236,TRD-A2246946626E,1,CP_BANK_A,AAPL,2026-08-12,2027-06-28,2624,399.6321,GBP,BUY,MOCK_TRADING_ENGINE,2026-08-12T10:49:11.667000+00:00
81306d9c-77f1-42c4-b244-a1ff164c127e,TRD-0E20D045911B,1,CP_BANK_A,EURUSD,2026-08-12,2026-07-16,4589,591.7771,GBP,SELL,MOCK_TRADING_ENGINE,2026-08-12T10:49:11.668000+00:00
6db6360d-6204-4f81-9f27-300de12e72d6,TRD-970DB2A66906,1,CP_CORP_A,MSFT,2026-08-12,2026-12-09,8434,2187.0139,USD,SELL,MOCK_TRADING_ENGINE,2026-08-12T10:49:11.669000+00:00
9c75843c-1bf1-4fa2-91e9-38cb97ad11fa,TRD-65587DA6A5D2,1,CP_BANK_A,GBPUSD,2026-08-12,2026-11-25,6004,1966.9392,EUR,BUY,MOCK_TRADING_ENGINE,2026-08-12T10:49:11.670000+00:00
551a7d57-33a2-4a5c-b50a-c46f63c81b87,TRD-8872BCE053D3,1,CP_FUND_A,AAPL,2026-08-12,2027-03-16,5023,1410.5743,JPY,BUY,MOCK_TRADING_ENGINE,2026-08-12T10:49:11.671000+00:00
37dfc8f0-3216-4181-b543-38509fb4d2ef,TRD-EC697707D253,1,CP_BANK_B,AAPL,2026-08-12,2026-11-20,6539,985.0969,GBP,BUY,MOCK_TRADING_ENGINE,2026-08-12T10:49:11.672000+00:00
63b739b0-562d-416d-ade8-d6baf5abad10,TRD-431DCA01B44B,1,CP_BANK_A,GBPUSD,2026-08-12,2027-07-10,2529,1667.944,JPY,BUY,MOCK_TRADING_ENGINE,2026-08-12T10:49:11.673000+00:00
a8c5775c-eb94-48d9-b3f3-2f9ada21a279,TRD-6DF3D0F88F7B,1,CP_BANK_A,GBPUSD,2026-08-12,2026-09-10,4702,686.7376,JPY,BUY,MOCK_TRADING_ENGINE,2026-08-12T10:49:11.674000+00:00
ce2fd62c-37ae-4de6-9f9a-f887e6ac9232,TRD-3D3CD3A470C5,1,CP_BANK_B,US10Y,2026-08-12,2027-03-15,1933,876.0296,USD,SELL,MOCK_TRADING_ENGINE,2026-08-12T10:49:11.675000+00:00
8c9f4d54-8c53-477c-9fa7-22172a181f4a,TRD-D185A38A3E1A,1,CP_BANK_A,EURUSD,2026-08-12,2027-01-22,3527,951.1985,GBP,SELL,MOCK_TRADING_ENGINE,2026-08-12T10:49:11.676000+00:00
2a28505c-d059-45c2-b566-5186951f8e48,TRD-05CBC82CB1FC,1,CP_BANK_A,GBPUSD,2026-08-12,2026-10-27,8218,719.7462,EUR,BUY,MOCK_TRADING_ENGINE,2026-08-12T10:49:11.677000+00:00
e3318e6e-181d-4a16-aca8-d9d84f042c7e,TRD-4127CB3063F3,1,CP_FUND_A,GBPUSD,2026-08-12,2027-01-04,7804,1159.7392,EUR,BUY,MOCK_TRADING_ENGINE,2026-08-12T10:49:11.678000+00:00
4a63e3cb-ce5f-4742-9cbb-7e8c1503dc6d,TRD-B8046076538C,1,CP_BANK_A,USDJPY,2026-08-12,2026-07-29,2790,2477.0388,JPY,SELL,MOCK_TRADING_ENGINE,2026-08-12T10:49:11.679000+00:00
0474ccd5-5e2f-4628-af30-ae26e7333939,TRD-E2EEF0BD6739,1,CP_FUND_A,AAPL,2026-08-12,2027-03-23,92,1833.3314,EUR,BUY,MOCK_TRADING_ENGINE,2026-08-12T10:49:11.680000+00:00
4436a193-4006-4c5e-8e48-b0ba4c71ffcc,TRD-6E89DD2847E8,1,CP_BANK_B,EURUSD,2026-08-12,2026-12-23,8523,319.5713,USD,SELL,MOCK_TRADING_ENGINE,2026-08-12T10:49:11.681000+00:00
3045cb04-bec5-4fbf-a613-ff3e4f5d89c2,TRD-17451AF721DD,1,CP_CORP_A,US10Y,2026-08-12,2026-10-09,9532,757.7652,JPY,BUY,MOCK_TRADING_ENGINE,2026-08-12T10:49:11.682000+00:00
79949e59-4947-4411-a636-a990a1740915,TRD-309C68C05DF0,1,CP_BANK_B,US10Y,2026-08-12,2027-05-27,72,2112.1531,USD,SELL,MOCK_TRADING_ENGINE,2026-08-12T10:49:11.683000+00:00
84e1b8e0-5d26-4372-bc0d-109929d2e7fe,TRD-4E167E2447C3,1,CP_BANK_A,AAPL,2026-08-12,2026-08-27,9235,1154.1469,JPY,BUY,MOCK_TRADING_ENGINE,2026-08-12T10:49:11.684000+00:00
3738b17f-7f35-4d96-8f37-76ec964e862b,TRD-81DB243E4BCE,1,CP_BANK_A,USDJPY,2026-08-12,2026-12-22,2577,1205.5773,GBP,SELL,MOCK_TRADING_ENGINE,2026-08-12T10:49:11.685000+00:00
a7ab7767-ed65-47bb-ab41-f813826475c0,TRD-C1150B2677C9,1,CP_FUND_A,EURUSD,2026-08-12,2027-02-19,1350,367.6615,JPY,BUY,MOCK_TRADING_ENGINE,2026-08-12T10:49:11.686000+00:00
745ec654-73e1-4eb4-8033-3a7d351ae5ec,TRD-1E482023D7FD,1,CP_BANK_B,US10Y,2026-08-12,2027-03-26,7155,714.1121,GBP,SELL,MOCK_TRADING_ENGINE,2026-08-12T10:49:11.687000+00:00
cb6e48af-5a26-432a-b9e7-06878acbe28e,TRD-421EF7E8F784,1,CP_BANK_B,US10Y,2026-08-12,2027-04-02,4542,1957.8204,USD,SELL,MOCK_TRADING_ENGINE,2026-08-12T10:49:11.688000+00:00
e01e5f41-8997-455a-86ac-114b09bd9178,TRD-B945F549613E,1,CP_BANK_B,GBPUSD,2026-08-12,2026-10-24,5825,797.4441,USD,BUY,MOCK_TRADING_ENGINE,2026-08-12T10:49:11.689000+00:00
89c62496-2803-4c8c-b730-3580c764e2b7,TRD-777AF76DAA8E,1,CP_FUND_A,EURUSD,2026-08-12,2027-03-28,8235,1424.5607,USD,SELL,MOCK_TRADING_ENGINE,2026-08-12T10:49:11.690000+00:00
dd047c07-bc53-4f82-a548-1fe9c1a5b673,TRD-A00F7A58B31D,1,CP_BANK_B,US10Y,2026-08-12,2027-01-02,987,1836.2657,EUR,SELL,MOCK_TRADING_ENGINE,2026-08-12T10:49:11.691000+00:00
b69dea99-1324-4660-9bb7-151ef77bf27a,TRD-C4E507ABBF70,1,CP_FUND_A,AAPL,2026-08-12,2026-08-29,9432,1364.0986,EUR,SELL,MOCK_TRADING_ENGINE,2026-08-12T10:49:11.692000+00:00
58ad0e2f-aad7-414a-b5ae-fac9b5b7f619,TRD-D95A10B09802,1,CP_FUND_A,GBPUSD,2026-08-12,2027-05-27,7290,601.8749,EUR,BUY,MOCK_TRADING_ENGINE,2026-08-12T10:49:11.693000+00:00
a13e1960-6673-48d7-ae94-eeec90ec9ebd,TRD-766EFA605A1B,1,CP_CORP_A,MSFT,2026-08-12,2027-04-16,2013,567.77,USD,BUY,MOCK_TRADING_ENGINE,2026-08-12T10:49:11.694000+00:00
0ccc4978-8f7a-4210-8224-1f3b6ae768e0,TRD-6FCFEF41ED5F,1,CP_BANK_B,EURUSD,2026-08-12,2027-07-17,6791,1595.2885,JPY,SELL,MOCK_TRADING_ENGINE,2026-08-12T10:49:11.695000+00:00
d1e84848-03e0-4c9f-8693-5a6d5bb5ff1b,TRD-75B01B599CF6,1,CP_FUND_A,US10Y,2026-08-12,2027-04-12,9315,1023.4277,USD,BUY,MOCK_TRADING_ENGINE,2026-08-12T10:49:11.696000+00:00
5928c55d-99e9-4f35-94ab-e44f0e01655a,TRD-0FC42B4C3A41,1,CP_BANK_A,US10Y,2026-08-12,2026-10-04,6747,2317.3883,GBP,BUY,MOCK_TRADING_ENGINE,2026-08-12T10:49:11.697000+00:00
fb2adc37-150e-4c33-b377-1fe1525f72e7,TRD-D185A38A3E1A,0,CP_CORP_A,AAPL,2026-08-12,2027-01-02,3000,524.0388,EUR,BUY,MOCK_TRADING_ENGINE,2026-08-12T10:49:11.698000+00:00
0221cdae-cb9e-4fd9-9bd9-604ecfbe160e,TRD-1D54E95CB3D4,1,CP_BANK_A,USDJPY,2026-08-12,2026-09-20,6187,1323.1434,GBP,BUY,MOCK_TRADING_ENGINE,2026-08-12T10:49:11.699000+00:00
d7d665ac-a6e2-481e-933b-81c259822bd1,TRD-71DC4356B50C,1,CP_BANK_B,EURUSD,2026-08-12,2027-01-28,5005,1710.5339,USD,SELL,MOCK_TRADING_ENGINE,2026-08-12T10:49:11.700000+00:00
d9131644-d764-46c1-85f0-ad610df157a3,TRD-6E54C44323CB,1,CP_BANK_A,USDJPY,2026-08-12,2026-08-03,4460,1332.6766,USD,BUY,MOCK_TRADING_ENGINE,2026-08-12T10:49:11.701000+00:00
bd0e680c-4fd5-4516-9a47-58d9790e58ec,TRD-B10B3AC7B346,1,CP_BANK_B,EURUSD,2026-08-12,2027-06-24,2654,1592.9181,EUR,BUY,MOCK_TRADING_ENGINE,2026-08-12T10:49:11.702000+00:00
5ecd99c7-9eb1-42fa-9e66-0a4e1ae5d80c,TRD-71B5A377E96A,1,CP_CORP_A,AAPL,2026-08-12,2027-01-11,9810,821.9808,USD,BUY,MOCK_TRADING_ENGINE,2026-08-12T10:49:11.703000+00:00
e30153e8-557c-43be-8265-085102cfe3ce,TRD-328BA5A958F4,1,CP_BANK_B,MSFT,2026-08-12,2026-10-27,5219,1617.7259,JPY,BUY,MOCK_TRADING_ENGINE,2026-08-12T10:49:11.704000+00:00
50032d09-cfac-40b2-b594-d638409bb044,TRD-F7CE73B09659,1,CP_BANK_B,GBPUSD,2026-08-12,2026-08-30,1504,2242.6759,EUR,BUY,MOCK_TRADING_ENGINE,2026-08-12T10:49:11.705000+00:00
58da41bf-5c20-4d24-bbec-7132cfecdf43,TRD-A5D70A21E230,1,CP_BANK_A,MSFT,2026-08-12,2027-03-13,2192,1071.5574,EUR,SELL,MOCK_TRADING_ENGINE,2026-08-12T10:49:11.706000+00:00
ff21e01a-2399-4e2d-9cf8-7aed80afb328,TRD-B5AE9AF08B0D,1,CP_CORP_A,USDJPY,2026-08-12,2026-08-05,6,722.9376,GBP,SELL,MOCK_TRADING_ENGINE,2026-08-12T10:49:11.707000+00:00
f653f072-2e6e-4765-89d8-b1fcce2cc2bd,TRD-FF9667C99538,1,CP_CORP_A,GBPUSD,2026-08-12,2027-04-24,7398,696.1825,GBP,SELL,MOCK_TRADING_ENGINE,2026-08-12T10:49:11.708000+00:00
5b5fc236-ec75-4bff-929e-e5de87bc06bc,TRD-90EC189A604C,1,CP_BANK_A,USDJPY,2026-08-12,2027-02-21,15,2224.3816,USD,BUY,MOCK_TRADING_ENGINE,2026-08-12T10:49:11.709000+00:00
bd111aec-3117-478d-86e7-7f54e43cdfc1,TRD-B5D072440A7A,1,CP_FUND_A,GBPUSD,2026-08-12,2027-01-03,7991,2085.9018,GBP,BUY,MOCK_TRADING_ENGINE,2026-08-12T10:49:11.710000+00:00
f3456134-6b1b-4a51-8787-51f06afb7f9f,TRD-4D3BF81058E9,1,CP_CORP_A,MSFT,2026-08-12,2026-11-22,2008,502.2956,EUR,BUY,MOCK_TRADING_ENGINE,2026-08-12T10:49:11.711000+00:00
4d82cfae-8fd0-4f80-9d00-e9fbe921975a,TRD-A6FA03F22AAE,1,CP_BANK_B,MSFT,2026-08-12,2027-03-14,7030,296.8933,USD,BUY,MOCK_TRADING_ENGINE,2026-08-12T10:49:11.712000+00:00
5b3935aa-4400-40b9-9aa6-b7cd5301b87e,TRD-17086CBFB5A7,1,CP_FUND_A,MSFT,2026-08-12,2026-11-01,161,2013.4698,GBP,BUY,MOCK_TRADING_ENGINE,2026-08-12T10:49:11.713000+00:00
2413e262-1828-49a5-a102-33c3d2142979,TRD-70390049173C,1,CP_BANK_B,MSFT,2026-08-12,2026-10-15,2794,2481.69,JPY,BUY,MOCK_TRADING_ENGINE,2026-08-12T10:49:11.714000+00:00
dbacc7ed-a431-4a90-84a1-01433fda00a5,TRD-1490E99533E0,1,CP_FUND_A,USDJPY,2026-08-12,2027-03-25,493,837.4546,USD,SELL,MOCK_TRADING_ENGINE,2026-08-12T10:49:11.715000+00:00
ee669dce-9211-42fc-92bf-1c0888e776bd,TRD-53F076144E07,1,CP_CORP_A,GBPUSD,2026-08-12,2027-05-31,2973,1527.1084,EUR,SELL,MOCK_TRADING_ENGINE,2026-08-12T10:49:11.716000+00:00
8347597b-7988-4e1b-8e29-1fd72832e6f0,TRD-F73703AD0825,1,CP_FUND_A,AAPL,2026-08-12,2027-03-24,9377,2280.0424,USD,SELL,MOCK_TRADING_ENGINE,2026-08-12T10:49:11.717000+00:00
bae88499-2411-446d-a115-add10b920415,TRD-380AC6B67C5C,1,CP_BANK_A,US10Y,2026-08-12,2026-12-05,4495,2314.7557,USD,BUY,MOCK_TRADING_ENGINE,2026-08-12T10:49:11.718000+00:00
c3c0f8f3-6a89-4857-abfa-d131ed2b5709,TRD-65DAA6AC4FEB,1,CP_CORP_A,US10Y,2026-08-12,2026-10-19,7216,1002.3831,JPY,BUY,MOCK_TRADING_ENGINE,2026-08-12T10:49:11.719000+00:00
5ad98465-0754-4143-b4a4-d7b1650fbef3,TRD-4EA49AA51026,1,CP_BANK_A,MSFT,2026-08-12,2026-09-06,138,1951.0884,GBP,SELL,MOCK_TRADING_ENGINE,2026-08-12T10:49:11.720000+00:00
eb69f9bc-e8f7-4980-9016-dbb8abae7a12,TRD-D66D52DBE521,1,CP_FUND_A,EURUSD,2026-08-12,2027-05-05,3996,1584.1083,USD,BUY,MOCK_TRADING_ENGINE,2026-08-12T10:49:11.721000+00:00
2fa4783d-549d-467d-b333-f35e61fb0448,TRD-16342BCCAA65,1,CP_FUND_A,US10Y,2026-08-12,2026-12-30,9809,2372.0348,JPY,SELL,MOCK_TRADING_ENGINE,2026-08-12T10:49:11.722000+00:00
8a972684-c679-45ba-9514-e0ce2241d7fd,TRD-2F61CCEF4BF3,1,CP_BANK_B,USDJPY,2026-08-12,2026-11-05,5126,1973.753,JPY,SELL,MOCK_TRADING_ENGINE,2026-08-12T10:49:11.723000+00:00
f9bdd672-0fb8-442e-82b7-c2c7adaaa14d,TRD-7C78997F2D1C,1,CP_BANK_A,AAPL,2026-08-12,2027-06-11,7690,2206.9582,EUR,BUY,MOCK_TRADING_ENGINE,2026-08-12T10:49:11.724000+00:00
369a50fb-bc97-4e81-af72-a5d026759254,TRD-67217B997032,1,CP_BANK_A,US10Y,2026-08-12,2026-11-24,8038,151.9583,GBP,BUY,MOCK_TRADING_ENGINE,2026-08-12T10:49:11.725000+00:00
7f43d02f-0a91-4b6f-80ec-90622740694b,TRD-7ED60657CEFE,1,CP_CORP_A,EURUSD,2026-08-12,2027-01-08,8290,2419.9416,GBP,BUY,MOCK_TRADING_ENGINE,2026-08-12T10:49:11.726000+00:00
8746bda2-5cc2-4530-8023-ec40a9467cd8,TRD-00E6B2CF5E65,1,CP_CORP_A,MSFT,2026-08-12,2026-11-10,3429,627.99,EUR,BUY,MOCK_TRADING_ENGINE,2026-08-12T10:49:11.727000+00:00
e111f8bf-68de-4523-8877-112eb4cbf5fe,TRD-21772A87063A,1,CP_BANK_B,AAPL,2026-08-12,2027-04-23,7336,1651.3901,GBP,BUY,MOCK_TRADING_ENGINE,2026-08-12T10:49:11.728000+00:00
f1bb106f-7ed1-44bb-8eb9-498c9f74047e,TRD-B2792FFFA858,0,CP_BANK_A,AAPL,2026-08-12,2026-11-05,2792,777.1275,JPY,SELL,MOCK_TRADING_ENGINE,2026-08-12T10:49:11.729000+00:00
4291ea48-a811-49c7-9c81-c72d760e331b,TRD-13438D6AF6AE,1,CP_BANK_A,GBPUSD,2026-08-12,2026-09-25,5353,274.1697,EUR,SELL,MOCK_TRADING_ENGINE,2026-08-12T10:49:11.730000+00:00
759ac9b2-bc7c-440e-972b-161c90a202b3,TRD-F3E87BE070EE,1,CP_CORP_A,USDJPY,2026-08-12,2026-07-23,221,2368.9431,EUR,SELL,MOCK_TRADING_ENGINE,2026-08-12T10:49:11.731000+00:00
468f8fd7-a997-4e35-bb22-20ddf842afbd,TRD-912ADC5BE1E3,1,CP_BANK_B,EURUSD,2026-08-12,2027-07-26,3694,1514.8506,GBP,SELL,MOCK_TRADING_ENGINE,2026-08-12T10:49:11.732000+00:00
e37b2d31-4b34-4b51-989f-30ab94b0c883,TRD-238ED447FC6A,1,CP_FUND_A,EURUSD,2026-08-12,2026-12-16,5748,333.1007,USD,SELL,MOCK_TRADING_ENGINE,2026-08-12T10:49:11.733000+00:00
18121236-f7b6-4739-8d0e-0e97b43cff38,TRD-AEA191EE678E,1,CP_FUND_A,GBPUSD,2026-08-12,2027-07-16,4322,1928.8562,USD,SELL,MOCK_TRADING_ENGINE,2026-08-12T10:49:11.734000+00:00
ddcc88b4-1a2a-47e3-a615-d1c1bcbb586d,TRD-F2AAB6F0CF1C,1,CP_BANK_A,MSFT,2026-08-12,2027-05-18,7914,720.175,USD,BUY,MOCK_TRADING_ENGINE,2026-08-12T10:49:11.735000+00:00
beb340e5-73ab-45e3-965b-ea5af633a48c,TRD-CF0ADA536784,1,CP_CORP_A,US10Y,2026-08-12,2026-10-05,9727,1579.5848,JPY,SELL,MOCK_TRADING_ENGINE,2026-08-12T10:49:11.736000+00:00
c6a8b5d7-40c9-42a2-a437-f7603d873d59,TRD-DB9A831EC959,1,CP_FUND_A,AAPL,2026-08-12,2026-10-27,4824,697.3642,EUR,BUY,MOCK_TRADING_ENGINE,2026-08-12T10:49:11.737000+00:00
91730316-01a8-4702-8c85-4afc890680f7,TRD-3ABC09850E03,1,CP_BANK_A,GBPUSD,2026-08-12,2026-08-27,8218,1345.7725,GBP,BUY,MOCK_TRADING_ENGINE,2026-08-12T10:49:11.738000+00:00
c42dfb48-70ea-4225-88d0-a62b87d80f21,TRD-B8D3B0F9BE73,1,CP_BANK_B,AAPL,2026-08-12,2026-11-09,3577,1486.0731,EUR,SELL,MOCK_TRADING_ENGINE,2026-08-12T10:49:11.739000+00:00
4da17a1b-7e18-49a0-a40b-9840a2adb77f,TRD-3AB34DB8C1AF,1,CP_BANK_A,GBPUSD,2026-08-12,2027-02-18,4108,620.9946,EUR,SELL,MOCK_TRADING_ENGINE,2026-08-12T10:49:11.740000+00:00
a1b69fbb-1e9c-41f0-afd3-c10fb55cd851,TRD-E5179482082C,1,CP_BANK_B,MSFT,2026-08-12,2026-10-26,7285,459.8367,USD,SELL,MOCK_TRADING_ENGINE,2026-08-12T10:49:11.741000+00:00
a8079c05-5834-41f7-b4bc-4893b9bb9cc7,TRD-B25461CFAE48,1,CP_BANK_A,AAPL,2026-08-12,2026-12-12,1207,1235.5265,GBP,SELL,MOCK_TRADING_ENGINE,2026-08-12T10:49:11.742000+00:00
09dc45c6-855c-4644-9a28-a62f55b00727,TRD-8DFD797D3A67,1,CP_BANK_B,USDJPY,2026-08-12,2027-05-16,5247,2054.7917,USD,BUY,MOCK_TRADING_ENGINE,2026-08-12T10:49:11.743000+00:00
406074d2-8faf-4742-80b2-711e873a9777,TRD-17021CC4580F,1,CP_BANK_B,AAPL,2026-08-12,2027-02-06,4908,2297.8728,USD,SELL,MOCK_TRADING_ENGINE,2026-08-12T10:49:11.744000+00:00
b1334db7-0ff7-4004-9dc1-5c8b8093fcd7,TRD-21772A87063A,0,CP_BANK_A,MSFT,2026-08-12,2026-12-26,3833,1707.4741,GBP,BUY,MOCK_TRADING_ENGINE,2026-08-12T10:49:11.745000+00:00
b1f33700-7478-4c31-99e4-1acfd0f387bb,TRD-CC7CA7A30015,1,CP_CORP_A,GBPUSD,2026-08-12,2027-07-15,8548,1999.4477,USD,SELL,MOCK_TRADING_ENGINE,2026-08-12T10:49:11.746000+00:00
b4c3cab8-285f-46d6-a09a-b38723f0fcf1,TRD-D8C88A30E7E3,1,CP_BANK_B,US10Y,2026-08-12,2027-01-06,6085,1018.8447,USD,BUY,MOCK_TRADING_ENGINE,2026-08-12T10:49:11.747000+00:00
8ad623a3-5ee4-40a2-a8e5-9656258735ef,TRD-73630E8EE2B1,1,CP_BANK_A,EURUSD,2026-08-12,2027-06-14,992,1931.3767,GBP,BUY,MOCK_TRADING_ENGINE,2026-08-12T10:49:11.748000+00:00
41347103-7109-44f6-8749-42024796a1f6,TRD-084F8D2D0BAB,1,CP_BANK_B,AAPL,2026-08-12,2027-03-12,5981,258.1501,JPY,BUY,MOCK_TRADING_ENGINE,2026-08-12T10:49:11.749000+00:00
086863ac-44c2-4984-aeca-7385cd109f08,TRD-231830E727D6,0,CP_FUND_A,US10Y,2026-08-12,2027-04-14,5217,2333.7877,EUR,BUY,MOCK_TRADING_ENGINE,2026-08-12T10:49:11.750000+00:00
72f52c12-ed44-40b8-bbbf-d0d5704974d7,TRD-3818D886FACE,1,CP_FUND_A,GBPUSD,2026-08-12,2026-11-22,5240,2247.9897,USD,SELL,MOCK_TRADING_ENGINE,2026-08-12T10:49:11.751000+00:00
51fa7271-2b11-488c-9b9f-cdd41d53d4fd,TRD-C88712B89F2A,1,CP_BANK_B,AAPL,2026-08-12,2027-04-02,4409,1445.4967,GBP,SELL,MOCK_TRADING_ENGINE,2026-08-12T10:49:11.752000+00:00
b0e8f77b-e44f-4a31-9cb0-26a73b063953,TRD-B5FD955FF596,1,CP_BANK_B,US10Y,2026-08-12,2027-07-16,114,350.7355,JPY,SELL,MOCK_TRADING_ENGINE,2026-08-12T10:49:11.753000+00:00
558f5258-5774-49e1-bcbf-ad443059875a,TRD-C07572E7AB07,1,CP_FUND_A,USDJPY,2026-08-12,2027-06-15,947,570.867,GBP,SELL,MOCK_TRADING_ENGINE,2026-08-12T10:49:11.754000+00:00
65ee8d13-a61c-4f33-a472-32817b55d5af,TRD-F07412E3F411,1,CP_FUND_A,GBPUSD,2026-08-12,2027-01-16,9181,2284.4227,EUR,BUY,MOCK_TRADING_ENGINE,2026-08-12T10:49:11.755000+00:00
0ab9e11d-8860-4751-ac75-0779dad80393,TRD-9DD34CA961F1,0,CP_CORP_A,GBPUSD,2026-08-12,2027-07-15,6723,1228.0441,EUR,SELL,MOCK_TRADING_ENGINE,2026-08-12T10:49:11.756000+00:00
9b0b17fa-266b-40d4-bd1a-19f932b0d9a5,TRD-0D7EAC923152,1,CP_BANK_B,EURUSD,2026-08-12,2027-05-14,4725,2082.6518,JPY,SELL,MOCK_TRADING_ENGINE,2026-08-12T10:49:11.757000+00:00
848239bb-9e86-4f6d-bfa4-7b83e0960b43,TRD-482EF1358BD4,1,CP_BANK_B,MSFT,2026-08-12,2027-06-13,4175,1501.109,GBP,BUY,MOCK_TRADING_ENGINE,2026-08-12T10:49:11.758000+00:00
29e2b6be-dfa3-4295-b07b-2ebedbf620e0,TRD-FB736E9BE59B,1,CP_BANK_B,GBPUSD,2026-08-12,2027-01-29,3410,198.6114,EUR,SELL,MOCK_TRADING_ENGINE,2026-08-12T10:49:11.759000+00:00
3955a740-50c4-45aa-845e-79c16d391be4,TRD-05A6E1984192,1,CP_BANK_B,AAPL,2026-08-12,2027-03-01,4102,1426.3059,JPY,BUY,MOCK_TRADING_ENGINE,2026-08-12T10:49:11.760000+00:00
421d707f-e7e1-434b-9a0a-c33835b443f9,TRD-969E5076E2FA,1,CP_FUND_A,EURUSD,2026-08-12,2027-08-12,2275,2456.9064,JPY,BUY,MOCK_TRADING_ENGINE,2026-08-12T10:49:11.761000+00:00
83509364-a056-4d93-ab19-d0ac13d94851,TRD-8B026BF1DED6,1,CP_BANK_B,US10Y,2026-08-12,2027-03-24,3726,2010.4624,JPY,BUY,MOCK_TRADING_ENGINE,2026-08-12T10:49:11.762000+00:00
75d0d9bc-d957-49a7-b881-9a87dc6f2ffc,TRD-004C7ADCDCC2,1,CP_FUND_A,EURUSD,2026-08-12,2027-03-14,2778,197.3064,JPY,SELL,MOCK_TRADING_ENGINE,2026-08-12T10:49:11.763000+00:00
14d4b0ab-a360-4218-a335-da841a35c738,TRD-716A25FBF771,1,CP_BANK_B,GBPUSD,2026-08-12,2026-10-27,5622,227.3603,JPY,SELL,MOCK_TRADING_ENGINE,2026-08-12T10:49:11.764000+00:00
f57746f4-f50c-4c54-82f3-dd1b28d49d9a,TRD-B22AE4920FE5,1,CP_BANK_B,USDJPY,2026-08-12,2027-04-07,1222,2033.1762,USD,SELL,MOCK_TRADING_ENGINE,2026-08-12T10:49:11.765000+00:00
8aa21681-0573-4b94-b06d-9f12c0d6f9d3,TRD-E5DAB81E4CA3,1,CP_FUND_A,US10Y,2026-08-12,2027-02-09,8003,973.2774,JPY,BUY,MOCK_TRADING_ENGINE,2026-08-12T10:49:11.766000+00:00
5b233250-e936-4cb4-8244-bbc7e68ab532,TRD-B199437928A0,1,CP_BANK_B,EURUSD,2026-08-12,2027-05-27,6076,1196.0979,USD,BUY,MOCK_TRADING_ENGINE,2026-08-12T10:49:11.767000+00:00
add9fbb8-16e1-4d9d-ace4-cfe29f6eae03,TRD-C3610FF9266D,1,CP_BANK_B,US10Y,2026-08-12,2026-07-29,3543,1394.9657,EUR,SELL,MOCK_TRADING_ENGINE,2026-08-12T10:49:11.768000+00:00
e14ad561-aa86-4e5d-b3af-0cf0cda7851e,TRD-873C080BE274,1,CP_CORP_A,USDJPY,2026-08-12,2027-03-29,5072,938.2491,EUR,SELL,MOCK_TRADING_ENGINE,2026-08-12T10:49:11.769000+00:00
4248217d-11f6-4eb7-ba04-9b46178f9433,TRD-3E280A4B6882,1,CP_BANK_B,USDJPY,2026-08-12,2027-02-13,6304,643.7368,JPY,BUY,MOCK_TRADING_ENGINE,2026-08-12T10:49:11.770000+00:00
b3be1fa0-dab0-42ca-ad9f-571faec19727,TRD-DB956FE646FF,1,CP_CORP_A,US10Y,2026-08-12,2027-06-25,7068,1496.9708,USD,BUY,MOCK_TRADING_ENGINE,2026-08-12T10:49:11.771000+00:00
4dd52d73-c63d-4d63-9a39-b9dd6db879b5,TRD-9291512C0179,1,CP_CORP_A,AAPL,2026-08-12,2027-03-03,5226,251.0531,EUR,BUY,MOCK_TRADING_ENGINE,2026-08-12T10:49:11.772000+00:00
61dfc367-a7e6-4115-b175-77c62e6cc3d7,TRD-7DA3BE634EC6,1,CP_CORP_A,US10Y,2026-08-12,2027-03-21,4784,1531.4615,USD,BUY,MOCK_TRADING_ENGINE,2026-08-12T10:49:11.773000+00:00
7e4ea748-9fea-43ba-a7f8-688b09fba5c2,TRD-17EB522C1087,1,CP_CORP_A,MSFT,2026-08-12,2026-11-13,6882,2127.5317,GBP,SELL,MOCK_TRADING_ENGINE,2026-08-12T10:49:11.774000+00:00
2257e3e4-3d3d-41aa-87f4-524ca271d27a,TRD-A677A0AFC36C,1,CP_BANK_A,MSFT,2026-08-12,2027-03-01,2705,150.3931,USD,SELL,MOCK_TRADING_ENGINE,2026-08-12T10:49:11.775000+00:00
7fca74d1-57d7-47d3-8169-f58739d5cd69,TRD-CA441C94847E,1,CP_BANK_A,US10Y,2026-08-12,2026-12-14,732,426.9186,JPY,BUY,MOCK_TRADING_ENGINE,2026-08-12T10:49:11.776000+00:00
4a1c3747-7bbf-4fee-aedb-3633dd16fcdf,TRD-46A3A668A92B,1,CP_FUND_A,AAPL,2026-08-12,2027-07-31,436,2106.7278,GBP,SELL,MOCK_TRADING_ENGINE,2026-08-12T10:49:11.777000+00:00
79176f49-dd80-455e-bc30-d4eb9510a73b,TRD-3C19CC15D0DB,1,CP_BANK_A,GBPUSD,2026-08-12,2027-06-30,253,1327.9502,EUR,SELL,MOCK_TRADING_ENGINE,2026-08-12T10:49:11.778000+00:00
702d702e-b23d-4410-88e9-721bf9cfbda5,TRD-A9FAF2582BEB,1,CP_FUND_A,GBPUSD,2026-08-12,2026-11-10,6036,2106.0946,JPY,BUY,MOCK_TRADING_ENGINE,2026-08-12T10:49:11.779000+00:00
b981d067-786e-4583-a826-36f4d969c813,TRD-0EED6D597D74,1,CP_BANK_B,AAPL,2026-08-12,2026-10-27,632,2314.9126,USD,BUY,MOCK_TRADING_ENGINE,2026-08-12T10:49:11.780000+00:00
4d5ff813-3cb9-4a12-b0d4-b337e89b2006,TRD-5A94A6BC80E7,1,CP_FUND_A,US10Y,2026-08-12,2027-03-15,8774,371.9933,GBP,BUY,MOCK_TRADING_ENGINE,2026-08-12T10:49:11.781000+00:00
9deda081-3e00-4fe8-af42-ce518da9ebf1,TRD-2124FDE17892,1,CP_FUND_A,EURUSD,2026-08-12,2027-04-14,8847,189.3943,EUR,BUY,MOCK_TRADING_ENGINE,2026-08-12T10:49:11.782000+00:00
fad34642-3851-419c-bb89-c94ce03b475e,TRD-FC245A4FDB15,1,CP_BANK_B,USDJPY,2026-08-12,2026-12-03,6999,755.5162,EUR,SELL,MOCK_TRADING_ENGINE,2026-08-12T10:49:11.783000+00:00
e3696852-7d6d-4f15-b72a-a0c2fdc71ca0,TRD-4CB8BBBE640E,1,CP_BANK_A,MSFT,2026-08-12,2027-07-27,6330,654.8707,JPY,BUY,MOCK_TRADING_ENGINE,2026-08-12T10:49:11.784000+00:00
151b40b6-085a-4127-8bd8-f50e7d515a38,TRD-ABC45AE6857D,1,CP_BANK_A,AAPL,2026-08-12,2026-10-16,8898,789.7217,JPY,SELL,MOCK_TRADING_ENGINE,2026-08-12T10:49:11.785000+00:00
152f5ee2-34e0-4346-b79d-42764f7c472e,TRD-BE66CE0AB89A,1,CP_BANK_A,EURUSD,2026-08-12,2027-07-17,4938,58.7556,EUR,SELL,MOCK_TRADING_ENGINE,2026-08-12T10:49:11.786000+00:00
de51b482-c9c1-478e-90de-c96b3dba2700,TRD-10F9932E556D,1,CP_BANK_A,MSFT,2026-08-12,2027-04-29,3999,1931.7287,JPY,BUY,MOCK_TRADING_ENGINE,2026-08-12T10:49:11.787000+00:00
ee616614-9bd7-4568-a938-fa1740858f2e,TRD-D282B615A632,1,CP_FUND_A,US10Y,2026-08-12,2027-02-03,5095,1966.3281,EUR,SELL,MOCK_TRADING_ENGINE,2026-08-12T10:49:11.788000+00:00
be243d13-c28f-45f8-803b-c52292f8b741,TRD-A2869F4E8E2B,1,CP_BANK_A,EURUSD,2026-08-12,2027-01-16,7364,2262.083,GBP,SELL,MOCK_TRADING_ENGINE,2026-08-12T10:49:11.789000+00:00
4f69bd36-5d7e-4376-b20c-3376b00208a7,TRD-1D54E95CB3D4,0,CP_CORP_A,USDJPY,2026-08-12,2026-10-06,469,1531.5865,USD,BUY,MOCK_TRADING_ENGINE,2026-08-12T10:49:11.790000+00:00
5cfb0914-7ee7-40c9-90b4-c630242028c0,TRD-5FEEF3081911,1,CP_CORP_A,AAPL,2026-08-12,2027-06-30,4983,1706.7068,GBP,BUY,MOCK_TRADING_ENGINE,2026-08-12T10:49:11.791000+00:00
8757acdc-bb00-4a1a-bc5b-716bb01c78a0,TRD-F73703AD0825,0,CP_FUND_A,USDJPY,2026-08-12,2027-02-04,4854,368.7052,EUR,SELL,MOCK_TRADING_ENGINE,2026-08-12T10:49:11.792000+00:00
d1bb62b7-d705-444f-b58d-10247fc8af13,TRD-231757914CB5,1,CP_FUND_A,US10Y,2026-08-12,2026-12-08,938,174.4413,USD,SELL,MOCK_TRADING_ENGINE,2026-08-12T10:49:11.793000+00:00
2d784cdd-638b-4268-882f-376981eadb95,TRD-E3D0CFE5EA3E,1,CP_BANK_B,AAPL,2026-08-12,2027-05-24,120,1909.0168,JPY,BUY,MOCK_TRADING_ENGINE,2026-08-12T10:49:11.794000+00:00
2fdca853-6ee7-401f-b5e8-027339d0b879,TRD-F0E4835EE98C,1,CP_FUND_A,USDJPY,2026-08-12,2027-02-26,1369,425.2255,GBP,BUY,MOCK_TRADING_ENGINE,2026-08-12T10:49:11.795000+00:00
56668025-a1de-4785-b2f3-315164623e2a,TRD-D7B397EB2914,0,CP_BANK_B,USDJPY,2026-08-12,2027-01-05,1158,1446.5717,EUR,BUY,MOCK_TRADING_ENGINE,2026-08-12T10:49:11.796000+00:00
7fac4b59-df42-4ff9-babd-4b3480de1b6a,TRD-3817CF7110D9,1,CP_FUND_A,GBPUSD,2026-08-12,2027-06-05,6370,374.983,GBP,SELL,MOCK_TRADING_ENGINE,2026-08-12T10:49:11.797000+00:00
443d718a-9637-4934-9b2b-ef298259bfbe,TRD-83B1BB7F7C1A,1,CP_BANK_A,GBPUSD,2026-08-12,2026-12-17,8982,710.6593,JPY,BUY,MOCK_TRADING_ENGINE,2026-08-12T10:49:11.798000+00:00
da057609-04a2-4df1-beb3-d630a96ff623,TRD-DC73EDE52FE1,1,CP_CORP_A,AAPL,2026-08-12,2027-05-21,1192,1132.0622,GBP,SELL,MOCK_TRADING_ENGINE,2026-08-12T10:49:11.799000+00:00
1a1297ad-0e33-47e8-94b0-65576ba60c7c,TRD-3D58B8C14712,1,CP_BANK_B,AAPL,2026-08-12,2027-07-15,9937,1140.8116,GBP,BUY,MOCK_TRADING_ENGINE,2026-08-12T10:49:11.800000+00:00
57bd5918-55aa-407b-bdd6-4df5fcec5559,TRD-A56A620742D2,1,CP_CORP_A,AAPL,2026-08-12,2027-01-05,6425,1476.2476,JPY,BUY,MOCK_TRADING_ENGINE,2026-08-12T10:49:11.801000+00:00
1bfb92fb-57c2-4e4a-866b-2f0f713f0547,TRD-300F297F3C5C,1,CP_CORP_A,USDJPY,2026-08-12,2027-01-29,3233,792.4542,JPY,BUY,MOCK_TRADING_ENGINE,2026-08-12T10:49:11.802000+00:00
96e60a64-b9f5-4274-9c8c-7c2fca14d85f,TRD-05EBDD9FF332,1,CP_BANK_A,EURUSD,2026-08-12,2026-10-13,3345,1556.6265,GBP,SELL,MOCK_TRADING_ENGINE,2026-08-12T10:49:11.803000+00:00
9d15dc68-1378-4ea4-953d-160000100f6b,TRD-4B2B722CA22A,1,CP_BANK_A,USDJPY,2026-08-12,2026-08-06,8792,84.5703,USD,BUY,MOCK_TRADING_ENGINE,2026-08-12T10:49:11.804000+00:00
62cf73a7-9115-4862-9889-903d9102c830,TRD-DE7167CC5EAE,1,CP_BANK_B,US10Y,2026-08-12,2026-09-14,9992,782.4724,JPY,SELL,MOCK_TRADING_ENGINE,2026-08-12T10:49:11.805000+00:00
23988a13-511b-4234-8c21-8d7bf6419b00,TRD-6C94E1B3E59F,1,CP_FUND_A,MSFT,2026-08-12,2027-07-24,3823,2334.4232,USD,SELL,MOCK_TRADING_ENGINE,2026-08-12T10:49:11.806000+00:00
7e39fcd7-2dd7-4a46-8afc-7fdcb15f433d,TRD-27E4128553CA,1,CP_BANK_A,MSFT,2026-08-12,2026-12-16,5883,2373.7078,USD,BUY,MOCK_TRADING_ENGINE,2026-08-12T10:49:11.807000+00:00
aaf5a8c4-2a90-40e6-85f0-db70c0ef3b0c,TRD-4A79370795F4,1,CP_FUND_A,AAPL,2026-08-12,2026-11-02,4426,176.9418,GBP,SELL,MOCK_TRADING_ENGINE,2026-08-12T10:49:11.808000+00:00
82532211-a8db-4ac6-92b7-a7863a3caaae,TRD-E7D120268A84,1,CP_FUND_A,MSFT,2026-08-12,2026-12-27,2462,1850.7074,EUR,SELL,MOCK_TRADING_ENGINE,2026-08-12T10:49:11.809000+00:00
89ee6069-1ec7-434d-aec7-01cbb811de2b,TRD-CF5812182FD3,1,CP_CORP_A,US10Y,2026-08-12,2026-08-23,728,647.5635,EUR,BUY,MOCK_TRADING_ENGINE,2026-08-12T10:49:11.810000+00:00
0b1ce10c-afd2-40b3-8a0e-ecbb89535845,TRD-5348C4323B39,1,CP_BANK_B,EURUSD,2026-08-12,2027-01-27,2728,110.3213,JPY,SELL,MOCK_TRADING_ENGINE,2026-08-12T10:49:11.811000+00:00
d623a2f9-e870-4bad-834e-8c32c3454bff,TRD-614B8625E16E,1,CP_CORP_A,GBPUSD,2026-08-12,2026-09-13,6025,1060.2345,GBP,SELL,MOCK_TRADING_ENGINE,2026-08-12T10:49:11.812000+00:00
0b955c63-7664-4a7d-b34f-4405a71b3aae,TRD-57093428606F,1,CP_BANK_B,US10Y,2026-08-12,2027-01-02,2496,2420.7097,EUR,SELL,MOCK_TRADING_ENGINE,2026-08-12T10:49:11.813000+00:00
b557b4ae-5a0f-41d5-8efa-1e065e34887b,TRD-2153312FEA8B,1,CP_BANK_A,USDJPY,2026-08-12,2027-06-18,7542,1458.3088,JPY,BUY,MOCK_TRADING_ENGINE,2026-08-12T10:49:11.814000+00:00
1f7e6595-df23-486a-b9e4-9057e29547e0,TRD-58957E1A444B,1,CP_CORP_A,MSFT,2026-08-12,2026-11-04,9474,1126.8505,USD,BUY,MOCK_TRADING_ENGINE,2026-08-12T10:49:11.815000+00:00
b5eb8406-df90-4dba-8263-37d82c807a94,TRD-E2F8E471C9BE,1,CP_FUND_A,GBPUSD,2026-08-12,2026-11-28,1661,330.6006,EUR,SELL,MOCK_TRADING_ENGINE,2026-08-12T10:49:11.816000+00:00
3271cba3-b1a5-4977-851e-526d5be3da79,TRD-58E97DB286EB,1,CP_FUND_A,USDJPY,2026-08-12,2027-07-27,7390,2448.6476,EUR,SELL,MOCK_TRADING_ENGINE,2026-08-12T10:49:11.817000+00:00
4a66579b-93ab-47ac-a944-43d19283894c,TRD-15FD40551F74,1,CP_CORP_A,MSFT,2026-08-12,2026-09-08,7941,766.6319,GBP,BUY,MOCK_TRADING_ENGINE,2026-08-12T10:49:11.818000+00:00
9f5bdb57-9e39-41ac-b0d6-8c56b0d422ff,TRD-BA185E0FC5B6,1,CP_BANK_B,US10Y,2026-08-12,2027-02-06,5860,222.7181,GBP,SELL,MOCK_TRADING_ENGINE,2026-08-12T10:49:11.819000+00:00
b6103c27-1018-4105-a374-c079be91f921,TRD-F36D6497C80D,1,CP_BANK_A,MSFT,2026-08-12,2026-08-22,7292,391.3369,EUR,SELL,MOCK_TRADING_ENGINE,2026-08-12T10:49:11.820000+00:00
be21452f-2cb4-469f-a145-07d3911690d3,TRD-9747AAC78D81,1,CP_FUND_A,USDJPY,2026-08-12,2026-11-27,1064,1620.4755,USD,BUY,MOCK_TRADING_ENGINE,2026-08-12T10:49:11.821000+00:00
02ffe19e-a46c-44a2-9da0-dce92916fb08,TRD-699E4AB757D7,1,CP_BANK_A,AAPL,2026-08-12,2027-01-12,9941,1385.611,EUR,BUY,MOCK_TRADING_ENGINE,2026-08-12T10:49:11.822000+00:00
fa236528-3682-4e51-947d-1eabcbf771be,TRD-535BBE54937D,1,CP_CORP_A,MSFT,2026-08-12,2027-03-10,6294,59.6458,USD,SELL,MOCK_TRADING_ENGINE,2026-08-12T10:49:11.823000+00:00
5421cb03-9843-41e2-afaf-c6200abaabd1,TRD-E8453325F35A,1,CP_BANK_A,AAPL,2026-08-12,2026-08-29,4075,1075.6004,EUR,SELL,MOCK_TRADING_ENGINE,2026-08-12T10:49:11.824000+00:00
f3778d62-834f-43c0-93a1-8034b1ac815d,TRD-370F13285E9C,1,CP_FUND_A,AAPL,2026-08-12,2026-07-15,3018,1628.3337,GBP,BUY,MOCK_TRADING_ENGINE,2026-08-12T10:49:11.825000+00:00
0f779549-ff65-450e-884d-2d048404caa2,TRD-67DD8A7B81CD,1,CP_BANK_B,MSFT,2026-08-12,2026-07-31,2397,2366.3538,USD,BUY,MOCK_TRADING_ENGINE,2026-08-12T10:49:11.826000+00:00
71cc6529-7f02-4cbc-b0f7-0d003a8c8288,TRD-D8D4B8B9FD3E,1,CP_BANK_A,US10Y,2026-08-12,2026-12-23,4547,1520.4162,USD,SELL,MOCK_TRADING_ENGINE,2026-08-12T10:49:11.827000+00:00
0365942c-cf0f-4fb7-9d37-a0a9fdc2375d,TRD-AD205EB7767A,1,CP_BANK_B,GBPUSD,2026-08-12,2027-06-12,1082,497.0448,EUR,SELL,MOCK_TRADING_ENGINE,2026-08-12T10:49:11.828000+00:00
744696e0-9ced-4997-962a-ad33cb2c3e77,TRD-476B57A64030,1,CP_FUND_A,US10Y,2026-08-12,2027-08-08,9859,1704.9329,JPY,SELL,MOCK_TRADING_ENGINE,2026-08-12T10:49:11.829000+00:00
eca28662-a2a3-4b4c-938b-e6ff4d8c4446,TRD-EF544128BDAD,1,CP_BANK_A,EURUSD,2026-08-12,2027-08-03,4241,409.3134,USD,SELL,MOCK_TRADING_ENGINE,2026-08-12T10:49:11.830000+00:00
005a113b-c71d-45d4-b89d-d385209abbc4,TRD-6C0FB891D027,1,CP_BANK_B,GBPUSD,2026-08-12,2027-04-20,5344,1985.7414,EUR,SELL,MOCK_TRADING_ENGINE,2026-08-12T10:49:11.831000+00:00
fa874723-0055-4616-8a68-07aba935860e,TRD-F432190BA3D4,1,CP_BANK_A,EURUSD,2026-08-12,2026-11-01,5525,1253.7781,USD,BUY,MOCK_TRADING_ENGINE,2026-08-12T10:49:11.832000+00:00
d8050cf0-f871-4481-9680-7bdbd73425f6,TRD-4F63D3B0C39E,1,CP_BANK_A,GBPUSD,2026-08-12,2026-09-08,1925,394.7538,EUR,SELL,MOCK_TRADING_ENGINE,2026-08-12T10:49:11.833000+00:00
92a04ae2-933a-4370-a795-e0a617ecca8e,TRD-5A3695FF4E9D,1,CP_CORP_A,US10Y,2026-08-12,2026-09-04,2613,1586.8915,GBP,SELL,MOCK_TRADING_ENGINE,2026-08-12T10:49:11.834000+00:00
b46ea09e-79a0-4f88-8705-76d8f3ea4e5e,TRD-290E902A6F28,1,CP_BANK_B,MSFT,2026-08-12,2027-06-12,8348,618.7614,USD,SELL,MOCK_TRADING_ENGINE,2026-08-12T10:49:11.835000+00:00
4447927a-86c0-46bd-9379-8563d2c9d48b,TRD-871770B57215,1,CP_BANK_B,EURUSD,2026-08-12,2026-11-13,2359,1312.5771,GBP,SELL,MOCK_TRADING_ENGINE,2026-08-12T10:49:11.836000+00:00
19f11109-de3e-42d0-9813-2e95b881dc68,TRD-D84586C98589,1,CP_BANK_A,AAPL,2026-08-12,2026-10-09,5264,1885.3595,USD,BUY,MOCK_TRADING_ENGINE,2026-08-12T10:49:11.837000+00:00
c06e8f4f-9c8e-47b2-af38-c9fa963ed0a6,TRD-E2A2B28369D7,1,CP_BANK_A,AAPL,2026-08-12,2026-11-08,1191,252.5081,GBP,SELL,MOCK_TRADING_ENGINE,2026-08-12T10:49:11.838000+00:00
779ef7ba-ab49-4719-afcd-c689b5c95a4b,TRD-5D1449DC7145,1,CP_FUND_A,AAPL,2026-08-12,2026-07-31,6636,1326.0673,EUR,BUY,MOCK_TRADING_ENGINE,2026-08-12T10:49:11.839000+00:00
929995e3-388f-4075-8434-89297950dd63,TRD-9988244002F9,1,CP_BANK_A,GBPUSD,2026-08-12,2026-08-19,1216,2307.1389,GBP,BUY,MOCK_TRADING_ENGINE,2026-08-12T10:49:11.840000+00:00
07687487-d3ef-442b-a9a8-10d0dada6a0b,TRD-CC533C6234F5,1,CP_CORP_A,USDJPY,2026-08-12,2026-09-25,4062,2315.0117,EUR,BUY,MOCK_TRADING_ENGINE,2026-08-12T10:49:11.841000+00:00
325e2703-13cd-4c74-bbc4-8d13010a9ecd,TRD-CC24D53296E3,1,CP_FUND_A,EURUSD,2026-08-12,2027-02-21,3641,623.1249,USD,SELL,MOCK_TRADING_ENGINE,2026-08-12T10:49:11.842000+00:00
52d8e916-e194-4bf2-a2c8-e3b2f2507876,TRD-CDFD231DD005,1,CP_CORP_A,USDJPY,2026-08-12,2027-03-20,1640,232.9335,JPY,SELL,MOCK_TRADING_ENGINE,2026-08-12T10:49:11.843000+00:00
1374cf05-5c29-40b3-b6a1-19d5e6bc6eea,TRD-2ACC4D837077,1,CP_CORP_A,MSFT,2026-08-12,2027-03-05,3288,1820.5908,JPY,BUY,MOCK_TRADING_ENGINE,2026-08-12T10:49:11.844000+00:00
6ba56ec4-c3bf-40ee-aa2c-d1a1431df6ba,TRD-D8A8DF146847,1,CP_BANK_B,GBPUSD,2026-08-12,2027-01-18,3578,222.6185,JPY,BUY,MOCK_TRADING_ENGINE,2026-08-12T10:49:11.845000+00:00
c5d91317-2e90-4dae-9390-48e82a179df1,TRD-85086C7CC9C1,1,CP_CORP_A,GBPUSD,2026-08-12,2027-01-11,3509,1818.0662,USD,BUY,MOCK_TRADING_ENGINE,2026-08-12T10:49:11.846000+00:00
a1b3b70c-c62c-4157-ae40-86148fed1d77,TRD-CB8B1625D0BF,1,CP_BANK_B,AAPL,2026-08-12,2026-12-23,6487,2340.1893,EUR,SELL,MOCK_TRADING_ENGINE,2026-08-12T10:49:11.847000+00:00
fa78c67a-f00d-49d1-96ba-cff5806aec68,TRD-1AFF5BA95CAA,1,CP_CORP_A,EURUSD,2026-08-12,2027-07-08,5020,825.9861,GBP,BUY,MOCK_TRADING_ENGINE,2026-08-12T10:49:11.848000+00:00
dcc2741b-ee90-4489-9d5b-19ca47e116a2,TRD-14FC07632562,1,CP_FUND_A,EURUSD,2026-08-12,2027-04-21,489,1703.0406,USD,BUY,MOCK_TRADING_ENGINE,2026-08-12T10:49:11.849000+00:00
4588cbca-0bab-436f-ab6f-de37dae0599e,TRD-B66B3DC093F6,1,CP_BANK_B,GBPUSD,2026-08-12,2027-03-04,9755,1844.4057,USD,BUY,MOCK_TRADING_ENGINE,2026-08-12T10:49:11.850000+00:00
cc88467b-1de9-41b4-aaa6-8081aa63e2d2,TRD-5564501EDA62,1,CP_BANK_B,AAPL,2026-08-12,2027-01-11,3130,2145.305,JPY,BUY,MOCK_TRADING_ENGINE,2026-08-12T10:49:11.851000+00:00
15895d16-5362-49bc-a3b0-8b53dee25323,TRD-C6B23B8D4018,1,CP_BANK_B,GBPUSD,2026-08-12,2026-12-09,3546,2018.5148,EUR,BUY,MOCK_TRADING_ENGINE,2026-08-12T10:49:11.852000+00:00
b966050b-dc3f-4dd1-a4a0-38cec8e2a000,TRD-92E22276D362,1,CP_BANK_B,EURUSD,2026-08-12,2027-05-18,5279,315.3661,USD,BUY,MOCK_TRADING_ENGINE,2026-08-12T10:49:11.853000+00:00
32dfe105-4cd5-429a-92a8-f5809f921407,TRD-1CCC8BBAF390,1,CP_BANK_A,US10Y,2026-08-12,2026-10-18,6338,1409.0637,GBP,SELL,MOCK_TRADING_ENGINE,2026-08-12T10:49:11.854000+00:00
e20a4554-e051-41b0-97c6-bcc672439547,TRD-444B6A4095F4,1,CP_BANK_B,USDJPY,2026-08-12,2026-07-24,9647,329.0813,GBP,BUY,MOCK_TRADING_ENGINE,2026-08-12T10:49:11.855000+00:00
ee6e564d-81f4-4086-a190-85a9bc2f0e7e,TRD-9DEB115186F2,1,CP_CORP_A,EURUSD,2026-08-12,2027-05-25,8315,2027.83,JPY,BUY,MOCK_TRADING_ENGINE,2026-08-12T10:49:11.856000+00:00
85879da8-ea14-421f-80e5-169328dfee78,TRD-5FE092C3C317,1,CP_FUND_A,AAPL,2026-08-12,2027-04-16,5428,1001.1355,JPY,BUY,MOCK_TRADING_ENGINE,2026-08-12T10:49:11.857000+00:00
109beb22-5b19-4e50-a193-56593d1df3ec,TRD-DDEB44300464,0,CP_CORP_A,GBPUSD,2026-08-12,2026-11-15,3450,879.2889,EUR,SELL,MOCK_TRADING_ENGINE,2026-08-12T10:49:11.858000+00:00
f529284c-1a33-40e2-bd53-ecbbbd78975e,TRD-4A79370795F4,0,CP_BANK_B,AAPL,2026-08-12,2027-05-21,7139,294.9317,JPY,SELL,MOCK_TRADING_ENGINE,2026-08-12T10:49:11.859000+00:00
b8ce8ef1-1a47-4ac3-9e81-b37c96853175,TRD-F5AA10743C8F,1,CP_FUND_A,US10Y,2026-08-12,2027-06-17,9791,405.1451,USD,SELL,MOCK_TRADING_ENGINE,2026-08-12T10:49:11.860000+00:00
d34c22df-bff5-4318-adb3-a5cbc92eaff9,TRD-AF2D80966D5F,1,CP_BANK_B,US10Y,2026-08-12,2027-01-17,6447,2381.5946,GBP,SELL,MOCK_TRADING_ENGINE,2026-08-12T10:49:11.861000+00:00
56bf0df5-6849-47d0-966a-f118ed14e9f3,TRD-025A000987B3,1,CP_FUND_A,EURUSD,2026-08-12,2027-03-17,9780,293.9863,JPY,BUY,MOCK_TRADING_ENGINE,2026-08-12T10:49:11.862000+00:00
495834ee-5102-4873-b259-37bfd7bb06a7,TRD-A153C191F155,1,CP_CORP_A,AAPL,2026-08-12,2027-07-12,2517,66.0605,EUR,SELL,MOCK_TRADING_ENGINE,2026-08-12T10:49:11.863000+00:00
4a0228e6-b839-4f26-8366-357c743e767f,TRD-FC72396E94B1,1,CP_CORP_A,MSFT,2026-08-12,2026-10-21,5862,1558.8577,USD,BUY,MOCK_TRADING_ENGINE,2026-08-12T10:49:11.864000+00:00
6172de30-0fe0-4c1b-af3a-2166c6807c4c,TRD-F088392A28E2,1,CP_FUND_A,EURUSD,2026-08-12,2027-04-14,495,2043.4295,JPY,SELL,MOCK_TRADING_ENGINE,2026-08-12T10:49:11.865000+00:00
88f36e40-c804-45a0-a536-e3696a2b6ac8,TRD-4D649CA59C41,1,CP_CORP_A,AAPL,2026-08-12,2026-12-20,2107,1947.4746,JPY,BUY,MOCK_TRADING_ENGINE,2026-08-12T10:49:11.866000+00:00
91ada07f-5b10-4efc-accf-5face9a117a4,TRD-28168AAE66FF,1,CP_BANK_B,AAPL,2026-08-12,2026-12-18,1074,830.6392,USD,BUY,MOCK_TRADING_ENGINE,2026-08-12T10:49:11.867000+00:00
385a0d21-26c3-44e6-a821-070fc4b0de0f,TRD-28DEBEA96A26,1,CP_BANK_A,AAPL,2026-08-12,2027-04-21,9318,1002.6934,GBP,BUY,MOCK_TRADING_ENGINE,2026-08-12T10:49:11.868000+00:00
3a2bfe0a-c785-47ff-92c0-6ef06d57b72b,TRD-BCA5365B1C01,1,CP_BANK_A,AAPL,2026-08-12,2026-10-23,6598,451.2274,GBP,SELL,MOCK_TRADING_ENGINE,2026-08-12T10:49:11.869000+00:00
371131e2-8552-4589-8159-757e6c6d5e3c,TRD-4ECC53CB4CD5,1,CP_CORP_A,GBPUSD,2026-08-12,2027-03-10,443,653.8503,EUR,SELL,MOCK_TRADING_ENGINE,2026-08-12T10:49:11.870000+00:00
c9c07b5d-05df-42ee-82ae-65379271e6e0,TRD-A719B01D3684,1,CP_BANK_B,GBPUSD,2026-08-12,2027-01-13,8984,1739.7535,EUR,SELL,MOCK_TRADING_ENGINE,2026-08-12T10:49:11.871000+00:00
c227b043-a102-441b-9276-a1b7b788fa81,TRD-A1584A4D9D3C,1,CP_BANK_A,EURUSD,2026-08-12,2026-10-31,9569,1862.4901,USD,SELL,MOCK_TRADING_ENGINE,2026-08-12T10:49:11.872000+00:00
e02f2b8f-5d3e-4bd8-b032-c8358a5475b3,TRD-24109B1C11D4,1,CP_FUND_A,GBPUSD,2026-08-12,2027-06-07,4989,1015.8426,GBP,BUY,MOCK_TRADING_ENGINE,2026-08-12T10:49:11.873000+00:00
9a9117ca-3f31-42e7-be93-0ce76749154e,TRD-14225E21F501,1,CP_FUND_A,US10Y,2026-08-12,2027-01-17,771,2072.2363,JPY,BUY,MOCK_TRADING_ENGINE,2026-08-12T10:49:11.874000+00:00
faf55fbc-d2a1-46ee-8168-833edb65079f,TRD-9A5F38C172B4,1,CP_FUND_A,USDJPY,2026-08-12,2027-04-21,7277,2085.939,USD,SELL,MOCK_TRADING_ENGINE,2026-08-12T10:49:11.875000+00:00
a874af24-4964-4db2-a881-8cce6c2bb3e7,TRD-89A7510509B2,1,CP_BANK_A,GBPUSD,2026-08-12,2026-09-04,4460,64.3124,GBP,SELL,MOCK_TRADING_ENGINE,2026-08-12T10:49:11.876000+00:00
d01765f2-0201-4ee2-a1cd-a4f21db49bcc,TRD-C234C48F78BD,1,CP_FUND_A,GBPUSD,2026-08-12,2026-11-05,5459,481.592,USD,BUY,MOCK_TRADING_ENGINE,2026-08-12T10:49:11.877000+00:00
d4e723ee-9499-4628-ba7a-a2f54807e88a,TRD-5FF18F7AA2F4,0,CP_BANK_A,AAPL,2026-08-12,2026-09-08,5279,1359.5751,EUR,SELL,MOCK_TRADING_ENGINE,2026-08-12T10:49:11.878000+00:00
6ab1b31d-e16a-49dd-ab64-e3f6929c7074,TRD-28672E5961DC,1,CP_CORP_A,AAPL,2026-08-12,2026-08-29,8831,1233.0206,JPY,SELL,MOCK_TRADING_ENGINE,2026-08-12T10:49:11.879000+00:00
17e5ab78-b24c-4917-a086-c31344733368,TRD-C6CDBBD833C6,1,CP_BANK_A,MSFT,2026-08-12,2027-07-25,5161,1056.921,JPY,SELL,MOCK_TRADING_ENGINE,2026-08-12T10:49:11.880000+00:00
1b184d46-32c5-44a5-8740-e562178a1a0a,TRD-DAF7DBD8F40D,1,CP_BANK_A,GBPUSD,2026-08-12,2027-05-16,532,2275.7658,GBP,BUY,MOCK_TRADING_ENGINE,2026-08-12T10:49:11.881000+00:00
4233e2ce-4a70-483f-ab60-033e9fd269fd,TRD-9184CBB53ECF,1,CP_BANK_A,AAPL,2026-08-12,2027-02-10,654,1171.4843,JPY,SELL,MOCK_TRADING_ENGINE,2026-08-12T10:49:11.882000+00:00
1ad94985-4c83-4100-b78f-04720af72865,TRD-43086F4502E7,1,CP_FUND_A,MSFT,2026-08-12,2027-02-15,3459,1235.4572,USD,BUY,MOCK_TRADING_ENGINE,2026-08-12T10:49:11.883000+00:00
bd1276f5-ba4b-4fe5-8cf6-82f8e95431ad,TRD-51EB7C3AF6C7,0,CP_BANK_A,USDJPY,2026-08-12,2027-01-05,3217,1922.4292,GBP,BUY,MOCK_TRADING_ENGINE,2026-08-12T10:49:11.884000+00:00
7a64ee6b-98a7-4ae7-9362-f4ec6f053b14,TRD-C6C3416F4327,1,CP_FUND_A,US10Y,2026-08-12,2027-03-10,3858,1915.3951,EUR,BUY,MOCK_TRADING_ENGINE,2026-08-12T10:49:11.885000+00:00
d3806916-c094-4bed-b563-c891aeb36b6e,TRD-00D79A3A6512,1,CP_BANK_A,EURUSD,2026-08-12,2026-07-15,1138,2053.0608,USD,SELL,MOCK_TRADING_ENGINE,2026-08-12T10:49:11.886000+00:00
cb9bd4a9-26ff-41aa-a508-2f56ba724194,TRD-3241FE5B6EFC,1,CP_CORP_A,EURUSD,2026-08-12,2026-09-05,6931,1581.9585,GBP,SELL,MOCK_TRADING_ENGINE,2026-08-12T10:49:11.887000+00:00
ee780fd0-2697-4fe8-b1a8-851677ac342a,TRD-8B4DF674C2A6,0,CP_FUND_A,US10Y,2026-08-12,2026-11-18,2362,2047.9191,EUR,SELL,MOCK_TRADING_ENGINE,2026-08-12T10:49:11.888000+00:00
7c9b2350-2453-4878-8977-75e6543f54fd,TRD-88D597119169,1,CP_FUND_A,GBPUSD,2026-08-12,2027-02-01,3497,196.5018,GBP,SELL,MOCK_TRADING_ENGINE,2026-08-12T10:49:11.889000+00:00
8af571e5-96da-4394-8224-e54b36a0f314,TRD-9667C441365E,1,CP_CORP_A,EURUSD,2026-08-12,2026-12-13,5955,2425.7727,GBP,BUY,MOCK_TRADING_ENGINE,2026-08-12T10:49:11.890000+00:00
99a260ad-2c0e-4937-9418-cab30d7450c3,TRD-92419F1FC34C,1,CP_FUND_A,AAPL,2026-08-12,2026-11-28,6224,2439.6917,GBP,SELL,MOCK_TRADING_ENGINE,2026-08-12T10:49:11.891000+00:00
7383ef16-9f33-4a57-a959-9fac00668e06,TRD-796035C6DFA4,1,CP_BANK_A,GBPUSD,2026-08-12,2027-01-08,6158,1277.1653,JPY,SELL,MOCK_TRADING_ENGINE,2026-08-12T10:49:11.892000+00:00
0f644139-c4bd-4be7-90f8-2bacb9af6e94,TRD-3E266111327B,1,CP_BANK_B,EURUSD,2026-08-12,2026-12-15,6563,612.7772,USD,SELL,MOCK_TRADING_ENGINE,2026-08-12T10:49:11.893000+00:00
e9a7386f-e7dc-4b1e-ae06-97cfe82eefaa,TRD-E51CFC2619DE,1,CP_BANK_A,AAPL,2026-08-12,2027-05-04,5729,2177.4194,GBP,BUY,MOCK_TRADING_ENGINE,2026-08-12T10:49:11.894000+00:00
a3296099-97b5-4acb-90a4-1d968eaee0b5,TRD-6647F39C14A7,1,CP_FUND_A,US10Y,2026-08-12,2026-07-16,9258,984.4541,EUR,BUY,MOCK_TRADING_ENGINE,2026-08-12T10:49:11.895000+00:00
c009dc82-5f03-4cef-afe4-3644ef04f053,TRD-86B3316BBB12,1,CP_BANK_B,US10Y,2026-08-12,2027-03-17,2801,2333.7233,EUR,SELL,MOCK_TRADING_ENGINE,2026-08-12T10:49:11.896000+00:00
9e11d643-fded-4514-83f8-dea5c949e7e5,TRD-1275CF0ACE21,1,CP_CORP_A,EURUSD,2026-08-12,2026-12-30,7745,46.497,JPY,SELL,MOCK_TRADING_ENGINE,2026-08-12T10:49:11.897000+00:00
d9105b38-1964-4dda-9013-484def5082de,TRD-03CF83293D40,1,CP_BANK_A,MSFT,2026-08-12,2027-04-20,125,27.1011,GBP,BUY,MOCK_TRADING_ENGINE,2026-08-12T10:49:11.898000+00:00
c59680fa-9c31-4138-9c84-7d3a8c2d135b,TRD-A1BE290E02D9,1,CP_BANK_A,MSFT,2026-08-12,2026-10-20,704,2362.538,GBP,BUY,MOCK_TRADING_ENGINE,2026-08-12T10:49:11.899000+00:00
fe0b768c-7ad5-494a-b4ce-fc42fe2d6dff,TRD-7C890E009E4F,1,CP_BANK_B,EURUSD,2026-08-12,2027-01-24,8644,399.0199,EUR,SELL,MOCK_TRADING_ENGINE,2026-08-12T10:49:11.900000+00:00
55192464-abb9-4047-9607-e3405b4abe29,TRD-7A8B675947BD,1,CP_FUND_A,MSFT,2026-08-12,2026-08-01,5902,2282.1314,JPY,SELL,MOCK_TRADING_ENGINE,2026-08-12T10:49:11.901000+00:00
ade58c79-fd63-4033-9cac-834577bdba75,TRD-4F088F0E0D8C,1,CP_BANK_A,US10Y,2026-08-12,2027-06-03,1202,310.1964,EUR,SELL,MOCK_TRADING_ENGINE,2026-08-12T10:49:11.902000+00:00
667d2047-971a-442f-b77d-ca2059027680,TRD-C8E8761BCC86,1,CP_CORP_A,AAPL,2026-08-12,2026-10-27,7024,981.6711,USD,BUY,MOCK_TRADING_ENGINE,2026-08-12T10:49:11.903000+00:00
465d9dee-239b-4b75-8311-5f5fa6aca2e3,TRD-996AD7844B42,1,CP_CORP_A,AAPL,2026-08-12,2027-03-23,2364,1725.6086,GBP,BUY,MOCK_TRADING_ENGINE,2026-08-12T10:49:11.904000+00:00
001e9622-576f-4617-836e-7c3e8bed92f8,TRD-4083AC5127E8,1,CP_CORP_A,AAPL,2026-08-12,2027-05-17,7321,2217.6393,GBP,BUY,MOCK_TRADING_ENGINE,2026-08-12T10:49:11.905000+00:00
7d61a2d5-eccc-47f5-a007-e900e33eb915,TRD-66B8332DE7E9,0,CP_CORP_A,MSFT,2026-08-12,2027-04-03,6552,648.2583,EUR,SELL,MOCK_TRADING_ENGINE,2026-08-12T10:49:11.906000+00:00
9c64251e-e0c7-4f4e-8778-59c92fe0096b,TRD-1B37A0178928,1,CP_FUND_A,USDJPY,2026-08-12,2027-03-25,5919,506.5524,EUR,BUY,MOCK_TRADING_ENGINE,2026-08-12T10:49:11.907000+00:00
63b60bf2-03bd-4b85-8420-e31cf9450556,TRD-109A8984B5D4,0,CP_FUND_A,USDJPY,2026-08-12,2027-06-17,1476,318.5618,JPY,BUY,MOCK_TRADING_ENGINE,2026-08-12T10:49:11.908000+00:00
36f2d25f-7bdd-4017-a600-ebac8ed3ff0c,TRD-923F8B467929,0,CP_FUND_A,GBPUSD,2026-08-12,2027-05-09,7351,841.2149,USD,BUY,MOCK_TRADING_ENGINE,2026-08-12T10:49:11.909000+00:00
acefb0dd-66bc-42a4-9710-22efebb60edb,TRD-3B829AC91660,1,CP_FUND_A,US10Y,2026-08-12,2026-08-05,2936,401.8073,GBP,BUY,MOCK_TRADING_ENGINE,2026-08-12T10:49:11.910000+00:00
3255ec2d-bb16-41fe-8133-6e827e98e97b,TRD-4BE488E75431,1,CP_BANK_A,US10Y,2026-08-12,2027-02-18,4176,1573.1178,JPY,BUY,MOCK_TRADING_ENGINE,2026-08-12T10:49:11.911000+00:00
8493a2b3-efcf-4077-8242-c0984cabceeb,TRD-251FE13427DE,1,CP_FUND_A,MSFT,2026-08-12,2027-01-30,8331,745.3209,GBP,SELL,MOCK_TRADING_ENGINE,2026-08-12T10:49:11.912000+00:00
c29e10a6-3eac-4e3b-80fb-309671a59c91,TRD-7236761C8CC9,1,CP_BANK_B,MSFT,2026-08-12,2027-01-30,3567,1922.0122,GBP,SELL,MOCK_TRADING_ENGINE,2026-08-12T10:49:11.913000+00:00
30d2e738-348d-48ab-a9aa-578e2a393b82,TRD-421837997EEC,1,CP_BANK_B,AAPL,2026-08-12,2027-04-16,468,2192.6067,JPY,BUY,MOCK_TRADING_ENGINE,2026-08-12T10:49:11.914000+00:00
4876049c-a1c3-4f9e-b41d-3575462d53d2,TRD-369C6A3056A9,1,CP_FUND_A,GBPUSD,2026-08-12,2026-07-22,7092,47.1321,USD,SELL,MOCK_TRADING_ENGINE,2026-08-12T10:49:11.915000+00:00
0ab2294d-de1a-48a4-9e47-db3ba09304a5,TRD-36F9DC50E540,1,CP_CORP_A,AAPL,2026-08-12,2027-04-28,8816,2257.8692,GBP,SELL,MOCK_TRADING_ENGINE,2026-08-12T10:49:11.916000+00:00
e6a65054-9223-4407-9200-dc358464d558,TRD-45BF933D68CC,1,CP_BANK_B,USDJPY,2026-08-12,2027-07-05,7785,737.6256,JPY,BUY,MOCK_TRADING_ENGINE,2026-08-12T10:49:11.917000+00:00
f1d0ef4f-21ff-4607-8eb1-936600a89fd8,TRD-2C7643033BAA,1,CP_CORP_A,USDJPY,2026-08-12,2027-06-26,4633,602.4576,JPY,SELL,MOCK_TRADING_ENGINE,2026-08-12T10:49:11.918000+00:00
edcb9bb9-ce0b-4331-bf96-b789bbdb4547,TRD-FC4E39E7E730,1,CP_BANK_B,USDJPY,2026-08-12,2027-07-25,871,1339.9726,USD,SELL,MOCK_TRADING_ENGINE,2026-08-12T10:49:11.919000+00:00
eeec86af-67c3-4791-91cb-3cf36fbb8abe,TRD-955705F7A6FB,1,CP_CORP_A,US10Y,2026-08-12,2026-11-15,1475,889.3639,EUR,SELL,MOCK_TRADING_ENGINE,2026-08-12T10:49:11.920000+00:00
86bfb7df-aaf4-4b78-9da1-366cc97ba56a,TRD-B60D363DCC45,1,CP_FUND_A,MSFT,2026-08-12,2027-03-30,6472,22.7302,EUR,BUY,MOCK_TRADING_ENGINE,2026-08-12T10:49:11.921000+00:00
b9608448-b79e-44df-bc83-5ea4880162f5,TRD-EB20D47A2529,1,CP_CORP_A,EURUSD,2026-08-12,2027-03-20,6775,1955.7316,JPY,SELL,MOCK_TRADING_ENGINE,2026-08-12T10:49:11.922000+00:00
a71a12a2-37d9-4885-9f57-e34b7117b516,TRD-8E62FC9EDC87,1,CP_BANK_B,US10Y,2026-08-12,2027-05-20,7339,1980.154,JPY,BUY,MOCK_TRADING_ENGINE,2026-08-12T10:49:11.923000+00:00
79084f09-3cf3-41e7-beca-76e57923499c,TRD-8E5EC7F1DFCF,1,CP_BANK_A,EURUSD,2026-08-12,2026-11-19,806,649.7064,JPY,SELL,MOCK_TRADING_ENGINE,2026-08-12T10:49:11.924000+00:00
8258261c-def2-452e-b54d-58ec9339de72,TRD-5BA1FDE5F383,1,CP_BANK_A,AAPL,2026-08-12,2027-02-14,3428,999.0241,GBP,SELL,MOCK_TRADING_ENGINE,2026-08-12T10:49:11.925000+00:00
a24a465b-0d0a-42a8-bd2b-181c3985ae85,TRD-28A2EADE2CE8,1,CP_CORP_A,EURUSD,2026-08-12,2027-03-16,1719,2233.6007,JPY,BUY,MOCK_TRADING_ENGINE,2026-08-12T10:49:11.926000+00:00
9cdb9a91-e53e-4447-a144-8b62f9d3c210,TRD-D673266078E0,1,CP_BANK_A,AAPL,2026-08-12,2026-09-28,1694,2230.9543,EUR,SELL,MOCK_TRADING_ENGINE,2026-08-12T10:49:11.927000+00:00
26392adf-0721-41e9-ac77-51823bd0e744,TRD-98D91DD77A67,0,CP_BANK_B,AAPL,2026-08-12,2027-02-22,9806,411.3548,GBP,BUY,MOCK_TRADING_ENGINE,2026-08-12T10:49:11.928000+00:00
68b8c406-a8aa-4599-9546-6e063670c567,TRD-3F078FE343E0,1,CP_FUND_A,US10Y,2026-08-12,2026-10-08,3719,840.7104,JPY,BUY,MOCK_TRADING_ENGINE,2026-08-12T10:49:11.929000+00:00
3a90214e-c675-497a-bc20-8a8ecd1152ee,TRD-442846EB2C18,1,CP_CORP_A,USDJPY,2026-08-12,2027-01-14,793,1879.4159,GBP,BUY,MOCK_TRADING_ENGINE,2026-08-12T10:49:11.930000+00:00
b369cb5f-eeda-4882-b262-e3c6509f4130,TRD-C74BEE367EA7,1,CP_FUND_A,USDJPY,2026-08-12,2027-01-29,1969,1069.8011,JPY,SELL,MOCK_TRADING_ENGINE,2026-08-12T10:49:11.931000+00:00
3af5fec4-b3c3-40e7-8bfd-3005bd8cd5e4,TRD-F38E4B7842EF,1,CP_FUND_A,USDJPY,2026-08-12,2026-11-05,7322,2313.6654,GBP,BUY,MOCK_TRADING_ENGINE,2026-08-12T10:49:11.932000+00:00
0b8bae3c-fcd1-40ff-a74a-b55a16dc8312,TRD-05CBC82CB1FC,1,CP_CORP_A,MSFT,2026-08-12,2027-06-23,9182,2144.0904,GBP,SELL,MOCK_TRADING_ENGINE,2026-08-12T10:49:11.933000+00:00
8054568a-87e5-4b6c-b791-9daa4942c6ff,TRD-9E7E51C5CE5D,1,CP_BANK_A,EURUSD,2026-08-12,2027-01-22,4924,1875.0782,EUR,SELL,MOCK_TRADING_ENGINE,2026-08-12T10:49:11.934000+00:00
2d28c7e9-8dba-4923-ac51-d7366082b7bd,TRD-887141BEF8CD,1,CP_BANK_A,EURUSD,2026-08-12,2027-01-10,9930,12.5896,EUR,SELL,MOCK_TRADING_ENGINE,2026-08-12T10:49:11.935000+00:00
98ec3b8a-94be-463f-9ded-f09468387969,TRD-65C2CF962E41,1,CP_BANK_A,MSFT,2026-08-12,2026-12-03,343,2337.5116,GBP,SELL,MOCK_TRADING_ENGINE,2026-08-12T10:49:11.936000+00:00
aed70224-0e50-407a-af77-99d19f70d8d3,TRD-29D91F70F74B,1,CP_BANK_B,GBPUSD,2026-08-12,2027-02-09,5175,669.3795,GBP,BUY,MOCK_TRADING_ENGINE,2026-08-12T10:49:11.937000+00:00
a57fa4bd-3e20-458a-817f-b4fe18af4b4b,TRD-14B97712022E,1,CP_BANK_A,EURUSD,2026-08-12,2026-11-28,4893,663.4523,EUR,SELL,MOCK_TRADING_ENGINE,2026-08-12T10:49:11.938000+00:00
62ac6c2c-7676-4f25-9fc5-40c446c5f9cf,TRD-648483BD8744,1,CP_BANK_B,MSFT,2026-08-12,2026-09-27,6881,300.8181,EUR,BUY,MOCK_TRADING_ENGINE,2026-08-12T10:49:11.939000+00:00
6a839d53-3162-49d1-92f3-5e9872ea0ec5,TRD-B4A20D879607,1,CP_BANK_A,US10Y,2026-08-12,2027-02-01,6843,278.8977,EUR,SELL,MOCK_TRADING_ENGINE,2026-08-12T10:49:11.940000+00:00
3b579e8f-f1ed-4175-aa22-a316aeb2fff6,TRD-E388EA7DD90B,1,CP_CORP_A,US10Y,2026-08-12,2027-05-06,2430,445.5407,USD,SELL,MOCK_TRADING_ENGINE,2026-08-12T10:49:11.941000+00:00
c2d56087-fa1d-4268-b66b-6874a89a25da,TRD-12DE8AFEEEFD,0,CP_BANK_B,GBPUSD,2026-08-12,2026-08-21,5488,2082.9804,GBP,SELL,MOCK_TRADING_ENGINE,2026-08-12T10:49:11.942000+00:00
c9843b1d-272f-4d53-90b7-122ce852f55d,TRD-251FE13427DE,1,CP_BANK_A,GBPUSD,2026-08-12,2026-12-18,2528,2435.582,EUR,BUY,MOCK_TRADING_ENGINE,2026-08-12T10:49:11.943000+00:00
4410af39-6e04-41a1-b1ff-aa085d3b8cc1,TRD-CB45C58BAB68,1,CP_CORP_A,US10Y,2026-08-12,2026-08-14,5400,300.8616,EUR,SELL,MOCK_TRADING_ENGINE,2026-08-12T10:49:11.944000+00:00
3c357e3c-ad12-43fd-8506-cc1e7916a453,TRD-FD380DAB02DC,1,CP_BANK_A,USDJPY,2026-08-12,2026-08-31,7894,375.3392,EUR,BUY,MOCK_TRADING_ENGINE,2026-08-12T10:49:11.945000+00:00
b0499755-7ffa-4c65-b60e-a80980dc0879,TRD-22B411AF805D,1,CP_FUND_A,US10Y,2026-08-12,2027-05-14,9536,1905.1579,USD,BUY,MOCK_TRADING_ENGINE,2026-08-12T10:49:11.946000+00:00
9628fad6-7a4d-4f8b-b220-bc0b21cf053b,TRD-073AAE50A5E7,1,CP_CORP_A,EURUSD,2026-08-12,2027-08-02,3786,781.4184,USD,BUY,MOCK_TRADING_ENGINE,2026-08-12T10:49:11.947000+00:00
a97ade7a-358d-43b8-9775-e22824d6b6cb,TRD-10C5F6842404,1,CP_BANK_B,USDJPY,2026-08-12,2026-12-08,1032,1790.2992,GBP,BUY,MOCK_TRADING_ENGINE,2026-08-12T10:49:11.948000+00:00
69b30e11-6461-4cfc-b5aa-40f715bc7df4,TRD-A0D7ACD35BF7,1,CP_FUND_A,EURUSD,2026-08-12,2027-02-10,8467,1855.0892,EUR,SELL,MOCK_TRADING_ENGINE,2026-08-12T10:49:11.949000+00:00
3e88b374-2496-49f7-ae3a-440eb27ea0ce,TRD-655DF9A1201B,1,CP_BANK_A,US10Y,2026-08-12,2026-11-07,4663,987.9764,GBP,BUY,MOCK_TRADING_ENGINE,2026-08-12T10:49:11.950000+00:00
319d283f-f0cc-4f38-8466-8ccec48282bb,TRD-C09D5AD4EAB9,1,CP_FUND_A,EURUSD,2026-08-12,2026-12-28,4577,1252.4697,JPY,SELL,MOCK_TRADING_ENGINE,2026-08-12T10:49:11.951000+00:00
44b98c52-ba7c-4fe6-a7bc-7423af3b8266,TRD-4E5041574698,1,CP_CORP_A,AAPL,2026-08-12,2026-10-19,3583,1535.4376,JPY,BUY,MOCK_TRADING_ENGINE,2026-08-12T10:49:11.952000+00:00
d5dc9c8d-ae51-449d-a1cd-a0f78209e133,TRD-F207AE315FD4,1,CP_BANK_B,GBPUSD,2026-08-12,2027-02-04,9765,1524.9196,EUR,BUY,MOCK_TRADING_ENGINE,2026-08-12T10:49:11.953000+00:00
d8896b11-1c83-45bc-b222-02f1ed02d417,TRD-2CF23748B2AE,0,CP_BANK_A,EURUSD,2026-08-12,2027-05-14,7138,520.0246,EUR,SELL,MOCK_TRADING_ENGINE,2026-08-12T10:49:11.954000+00:00
02255ae5-a9fa-4b0b-86a2-1eaf1ffd0455,TRD-124AEA6640D3,1,CP_BANK_B,GBPUSD,2026-08-12,2026-09-06,1625,1380.0316,USD,SELL,MOCK_TRADING_ENGINE,2026-08-12T10:49:11.955000+00:00
787d8105-6588-424e-a255-e3c83a580fd1,TRD-8F2E947CD185,1,CP_CORP_A,GBPUSD,2026-08-12,2027-06-04,6770,1572.2598,USD,SELL,MOCK_TRADING_ENGINE,2026-08-12T10:49:11.956000+00:00
02934a9d-7005-4a08-b672-fc6642b1eb59,TRD-C23FA9924AB9,1,CP_CORP_A,USDJPY,2026-08-12,2026-11-28,6511,319.579,JPY,BUY,MOCK_TRADING_ENGINE,2026-08-12T10:49:11.957000+00:00
3d23410d-70f3-4b1c-b710-e820a97b2c46,TRD-E2B96C356D0E,1,CP_BANK_A,USDJPY,2026-08-12,2026-12-22,9943,2371.4937,EUR,BUY,MOCK_TRADING_ENGINE,2026-08-12T10:49:11.958000+00:00
3a27cc80-284b-4293-b114-42493343a2b7,TRD-1AFF5BA95CAA,1,CP_BANK_A,GBPUSD,2026-08-12,2026-10-22,764,1018.2237,EUR,BUY,MOCK_TRADING_ENGINE,2026-08-12T10:49:11.959000+00:00
6b15cd16-13e4-4892-a756-3739bc13a9e0,TRD-012CFCC8B643,1,CP_BANK_B,GBPUSD,2026-08-12,2026-10-23,9443,132.914,EUR,SELL,MOCK_TRADING_ENGINE,2026-08-12T10:49:11.960000+00:00
c856e503-ac51-43e6-8886-07496447c348,TRD-5EB35597B2D2,1,CP_FUND_A,MSFT,2026-08-12,2026-09-15,8128,659.5446,EUR,BUY,MOCK_TRADING_ENGINE,2026-08-12T10:49:11.961000+00:00
883353ac-5930-4ce0-a3fe-03e46ab0c687,TRD-A98068F2C956,1,CP_BANK_A,EURUSD,2026-08-12,2027-02-23,688,2401.8189,USD,BUY,MOCK_TRADING_ENGINE,2026-08-12T10:49:11.962000+00:00
bf12b956-0c0d-4183-8ab2-877867913614,TRD-0788644E2147,1,CP_BANK_B,GBPUSD,2026-08-12,2027-01-30,5459,2315.0255,JPY,SELL,MOCK_TRADING_ENGINE,2026-08-12T10:49:11.963000+00:00
cb2d8638-344c-4f2e-b308-797005584595,TRD-1E3DD16C399F,1,CP_CORP_A,US10Y,2026-08-12,2026-11-21,5831,827.5293,JPY,BUY,MOCK_TRADING_ENGINE,2026-08-12T10:49:11.964000+00:00
32e72a3f-5443-4142-92ee-a22b361237ef,TRD-21524413B3B3,1,CP_BANK_B,USDJPY,2026-08-12,2027-01-11,6865,1433.0662,USD,BUY,MOCK_TRADING_ENGINE,2026-08-12T10:49:11.965000+00:00
0cba388d-313b-4ff9-9e04-15b0eb7cdc3c,TRD-BA7439AF18C6,1,CP_CORP_A,US10Y,2026-08-12,2026-09-02,9177,2124.0883,USD,SELL,MOCK_TRADING_ENGINE,2026-08-12T10:49:11.966000+00:00
272456cc-4d53-4a93-97e3-92e108599105,TRD-2F3C84DC504A,1,CP_BANK_A,US10Y,2026-08-12,2027-03-03,9447,1834.4581,JPY,SELL,MOCK_TRADING_ENGINE,2026-08-12T10:49:11.967000+00:00
b031f9ff-1f9b-40d9-8208-e469dd3376f3,TRD-7BDFF66A099F,1,CP_FUND_A,EURUSD,2026-08-12,2027-03-25,4860,179.1502,JPY,BUY,MOCK_TRADING_ENGINE,2026-08-12T10:49:11.968000+00:00
ea643f22-9455-4d84-8c49-683ad2cae160,TRD-7348BD1A8942,1,CP_BANK_A,USDJPY,2026-08-12,2027-01-01,6294,1263.3795,USD,SELL,MOCK_TRADING_ENGINE,2026-08-12T10:49:11.969000+00:00
9a4605a0-a0fb-441e-8b5a-78a0b9277d01,TRD-B634A22C4A8F,1,CP_BANK_A,EURUSD,2026-08-12,2027-04-16,5410,846.1194,USD,BUY,MOCK_TRADING_ENGINE,2026-08-12T10:49:11.970000+00:00
8fc3768a-94be-498c-a578-188308627513,TRD-4820D130BCC8,1,CP_CORP_A,EURUSD,2026-08-12,2026-09-30,73,107.3512,USD,BUY,MOCK_TRADING_ENGINE,2026-08-12T10:49:11.971000+00:00
ee4e0373-1e5d-446e-bbd9-74f9ac73b513,TRD-D0E9A7F7749C,1,CP_CORP_A,EURUSD,2026-08-12,2027-07-14,474,842.1935,JPY,BUY,MOCK_TRADING_ENGINE,2026-08-12T10:49:11.972000+00:00
4e030bc7-a10a-4acc-8a8d-e19fc94be89a,TRD-C9B5CDF55232,1,CP_FUND_A,EURUSD,2026-08-12,2027-01-24,2196,1670.7807,GBP,SELL,MOCK_TRADING_ENGINE,2026-08-12T10:49:11.973000+00:00
04527fb6-c795-4e6b-8615-9722a51f602b,TRD-E91DA95F98B1,1,CP_BANK_B,EURUSD,2026-08-12,2027-01-06,8259,1212.8739,JPY,BUY,MOCK_TRADING_ENGINE,2026-08-12T10:49:11.974000+00:00
0ec0324f-b68b-486d-971c-499f0918c4f6,TRD-C1F4EF5F069D,1,CP_FUND_A,EURUSD,2026-08-12,2026-12-04,1047,2258.7577,USD,BUY,MOCK_TRADING_ENGINE,2026-08-12T10:49:11.975000+00:00
02cb5ff6-21b5-4b07-b9e0-245fcb28e942,TRD-0A365CC26FA9,1,CP_FUND_A,USDJPY,2026-08-12,2027-06-03,4010,489.2919,EUR,SELL,MOCK_TRADING_ENGINE,2026-08-12T10:49:11.976000+00:00
dcb072f1-39ec-44a4-8713-130692eea323,TRD-E16A5CBD43AD,1,CP_CORP_A,USDJPY,2026-08-12,2026-10-11,2578,2329.4622,GBP,SELL,MOCK_TRADING_ENGINE,2026-08-12T10:49:11.977000+00:00
094f2754-2b74-4fd5-b2f4-62c62df7b231,TRD-97EAA2DD98BF,1,CP_BANK_B,EURUSD,2026-08-12,2027-02-16,4151,802.3273,JPY,BUY,MOCK_TRADING_ENGINE,2026-08-12T10:49:11.978000+00:00
7d97e3d4-a96f-43fe-a994-df7506b30ead,TRD-60A43158B1D3,1,CP_BANK_A,USDJPY,2026-08-12,2027-07-17,6882,2242.6342,EUR,SELL,MOCK_TRADING_ENGINE,2026-08-12T10:49:11.979000+00:00
65ccb3f2-ebb7-4f81-bbcc-664e570b8bea,TRD-2E505BB0D1F5,1,CP_BANK_A,MSFT,2026-08-12,2027-06-16,4276,1092.451,JPY,BUY,MOCK_TRADING_ENGINE,2026-08-12T10:49:11.980000+00:00
d21b0ffd-076b-46a2-aa8a-9544b428093e,TRD-26791B9A0DF3,1,CP_BANK_B,EURUSD,2026-08-12,2026-09-21,209,391.8827,USD,SELL,MOCK_TRADING_ENGINE,2026-08-12T10:49:11.981000+00:00
7481436e-ab5a-4d75-ad04-4f7a3975a6ee,TRD-5619B0C197FC,1,CP_FUND_A,USDJPY,2026-08-12,2026-11-28,8243,1368.9781,JPY,BUY,MOCK_TRADING_ENGINE,2026-08-12T10:49:11.982000+00:00
f7928be6-cd4d-4dcc-a946-650a1cb103d6,TRD-A323992F706F,0,CP_FUND_A,EURUSD,2026-08-12,2027-08-02,6235,1647.7833,JPY,BUY,MOCK_TRADING_ENGINE,2026-08-12T10:49:11.983000+00:00
4fc22dc3-1267-4689-ac1f-6c9957ee1e04,TRD-77813539FCD6,1,CP_FUND_A,USDJPY,2026-08-12,2027-05-31,9919,1048.0604,USD,SELL,MOCK_TRADING_ENGINE,2026-08-12T10:49:11.984000+00:00
053815f1-29b0-4196-88c4-bd80012c1142,TRD-C120D68DDFDC,1,CP_CORP_A,GBPUSD,2026-08-12,2027-01-18,2019,182.6116,EUR,SELL,MOCK_TRADING_ENGINE,2026-08-12T10:49:11.985000+00:00
24075b64-7b53-4122-95ff-27cd248c6e8b,TRD-E1130C704DC7,1,CP_BANK_A,MSFT,2026-08-12,2026-09-05,121,341.3086,JPY,SELL,MOCK_TRADING_ENGINE,2026-08-12T10:49:11.986000+00:00
06561478-fdcd-4bba-86e8-f9b7243fb0fb,TRD-C277762E41F0,1,CP_BANK_A,EURUSD,2026-08-12,2026-08-29,9977,651.0071,USD,BUY,MOCK_TRADING_ENGINE,2026-08-12T10:49:11.987000+00:00
abc100ab-b165-477e-9a39-3028678201a8,TRD-CA0FB4FED8C8,1,CP_FUND_A,USDJPY,2026-08-12,2026-09-03,5547,1680.2997,EUR,BUY,MOCK_TRADING_ENGINE,2026-08-12T10:49:11.988000+00:00
c7891848-dbcc-4bd3-aef4-fc4a88e5cb46,TRD-5509FADC370D,1,CP_CORP_A,USDJPY,2026-08-12,2026-11-16,5648,1480.8384,JPY,BUY,MOCK_TRADING_ENGINE,2026-08-12T10:49:11.989000+00:00
389ebb97-b7ec-4e41-8f05-a4d94d28d17a,TRD-76F6E4F2AC35,1,CP_BANK_A,US10Y,2026-08-12,2027-03-17,4777,1645.8301,USD,BUY,MOCK_TRADING_ENGINE,2026-08-12T10:49:11.990000+00:00
7b48523e-eb15-4b51-a659-2d89c4c5c2d4,TRD-786A2807A39E,1,CP_BANK_B,MSFT,2026-08-12,2027-07-27,9883,1189.0161,GBP,SELL,MOCK_TRADING_ENGINE,2026-08-12T10:49:11.991000+00:00
1047e203-84b0-4a01-887a-0633abf2df62,TRD-6B03355DA64F,1,CP_BANK_A,US10Y,2026-08-12,2027-01-03,4544,2153.8814,GBP,BUY,MOCK_TRADING_ENGINE,2026-08-12T10:49:11.992000+00:00
4cc8fa97-1c01-4af4-991e-1e1e1747b4a3,TRD-FAAAFFF1B2B1,1,CP_FUND_A,GBPUSD,2026-08-12,2027-04-29,8684,1101.7751,JPY,BUY,MOCK_TRADING_ENGINE,2026-08-12T10:49:11.993000+00:00
b3191f5c-9f81-40e9-abbf-645e9b519a03,TRD-B5486D14A78B,1,CP_BANK_B,GBPUSD,2026-08-12,2026-09-27,2107,1083.0033,USD,SELL,MOCK_TRADING_ENGINE,2026-08-12T10:49:11.994000+00:00
25814ce8-1b69-4ffe-bcb4-886cd12c90ad,TRD-BF2B270F88D9,1,CP_BANK_B,MSFT,2026-08-12,2027-06-11,9212,1125.2959,USD,BUY,MOCK_TRADING_ENGINE,2026-08-12T10:49:11.995000+00:00
106b59a2-3871-43e7-91fb-c22e706ef14d,TRD-4F63D3B0C39E,0,CP_BANK_B,AAPL,2026-08-12,2026-11-02,9382,509.6977,JPY,BUY,MOCK_TRADING_ENGINE,2026-08-12T10:49:11.996000+00:00
7602cd9e-2066-4862-a734-c99e251a61ce,TRD-763DA70BC75A,1,CP_BANK_B,USDJPY,2026-08-12,2027-02-08,1812,2242.4364,USD,BUY,MOCK_TRADING_ENGINE,2026-08-12T10:49:11.997000+00:00
d5df3d45-b204-44c5-b468-bfbbccdb80f3,TRD-85F3BE81C98D,1,CP_FUND_A,US10Y,2026-08-12,2027-04-12,7033,1062.7469,USD,BUY,MOCK_TRADING_ENGINE,2026-08-12T10:49:11.998000+00:00
b6f78e6b-6aae-4bde-9dff-281a43900dab,TRD-F5AA10743C8F,0,CP_FUND_A,USDJPY,2026-08-12,2027-07-22,5792,939.9803,JPY,BUY,MOCK_TRADING_ENGINE,2026-08-12T10:49:11.999000+00:00
